Copyright 1986-2022 Xilinx, Inc. All Rights Reserved. Copyright 2022-2025 Advanced Micro Devices, Inc. All Rights Reserved.
---------------------------------------------------------------------------------------------------------------------------------------------------------------------------------------------------------------------------------
| Tool Version : Vivado v.2025.1 (win64) Build 6140274 Thu May 22 00:12:29 MDT 2025
| Date         : Tue Jun 16 12:18:27 2026
| Host         : LAPTOP-C5OCR9QS running 64-bit major release  (build 9200)
| Command      : report_timing_summary -max_paths 10 -routable_nets -report_unconstrained -file cpu_top_timing_summary_routed.rpt -pb cpu_top_timing_summary_routed.pb -rpx cpu_top_timing_summary_routed.rpx -warn_on_violation
| Design       : cpu_top
| Device       : 7a100t-csg324
| Speed File   : -1  PRODUCTION 1.23 2018-06-13
| Design State : Routed
---------------------------------------------------------------------------------------------------------------------------------------------------------------------------------------------------------------------------------

Timing Summary Report

------------------------------------------------------------------------------------------------
| Timer Settings
| --------------
------------------------------------------------------------------------------------------------

  Enable Multi Corner Analysis               :  Yes
  Enable Pessimism Removal                   :  Yes
  Pessimism Removal Resolution               :  Nearest Common Node
  Enable Input Delay Default Clock           :  No
  Enable Preset / Clear Arcs                 :  No
  Disable Flight Delays                      :  No
  Ignore I/O Paths                           :  No
  Timing Early Launch at Borrowing Latches   :  No
  Borrow Time for Max Delay Exceptions       :  Yes
  Merge Timing Exceptions                    :  Yes
  Inter-SLR Compensation                     :  Conservative

  Corner  Analyze    Analyze    
  Name    Max Paths  Min Paths  
  ------  ---------  ---------  
  Slow    Yes        Yes        
  Fast    Yes        Yes        


------------------------------------------------------------------------------------------------
| Report Methodology
| ------------------
------------------------------------------------------------------------------------------------

Rule       Severity  Description                    Violations  
---------  --------  -----------------------------  ----------  
TIMING-18  Warning   Missing input or output delay  35          

Note: This report is based on the most recent report_methodology run and may not be up-to-date. Run report_methodology on the current design for the latest report.



check_timing report

Table of Contents
-----------------
1. checking no_clock (0)
2. checking constant_clock (0)
3. checking pulse_width_clock (0)
4. checking unconstrained_internal_endpoints (0)
5. checking no_input_delay (12)
6. checking no_output_delay (17)
7. checking multiple_clock (0)
8. checking generated_clocks (0)
9. checking loops (0)
10. checking partial_input_delay (0)
11. checking partial_output_delay (0)
12. checking latch_loops (0)

1. checking no_clock (0)
------------------------
 There are 0 register/latch pins with no clock.


2. checking constant_clock (0)
------------------------------
 There are 0 register/latch pins with constant_clock.


3. checking pulse_width_clock (0)
---------------------------------
 There are 0 register/latch pins which need pulse_width check


4. checking unconstrained_internal_endpoints (0)
------------------------------------------------
 There are 0 pins that are not constrained for maximum delay.

 There are 0 pins that are not constrained for maximum delay due to constant clock.


5. checking no_input_delay (12)
-------------------------------
 There are 12 input ports with no input delay specified. (HIGH)

 There are 0 input ports with no input delay but user has a false path constraint.


6. checking no_output_delay (17)
--------------------------------
 There are 17 ports with no output delay specified. (HIGH)

 There are 0 ports with no output delay but user has a false path constraint

 There are 0 ports with no output delay but with a timing clock defined on it or propagating through it


7. checking multiple_clock (0)
------------------------------
 There are 0 register/latch pins with multiple clocks.


8. checking generated_clocks (0)
--------------------------------
 There are 0 generated clocks that are not connected to a clock source.


9. checking loops (0)
---------------------
 There are 0 combinational loops in the design.


10. checking partial_input_delay (0)
------------------------------------
 There are 0 input ports with partial input delay specified.


11. checking partial_output_delay (0)
-------------------------------------
 There are 0 ports with partial output delay specified.


12. checking latch_loops (0)
----------------------------
 There are 0 combinational latch loops in the design through latch input



------------------------------------------------------------------------------------------------
| Design Timing Summary
| ---------------------
------------------------------------------------------------------------------------------------

    WNS(ns)      TNS(ns)  TNS Failing Endpoints  TNS Total Endpoints      WHS(ns)      THS(ns)  THS Failing Endpoints  THS Total Endpoints     WPWS(ns)     TPWS(ns)  TPWS Failing Endpoints  TPWS Total Endpoints  
    -------      -------  ---------------------  -------------------      -------      -------  ---------------------  -------------------     --------     --------  ----------------------  --------------------  
      6.220        0.000                      0                   17        0.288        0.000                      0                   17        4.500        0.000                       0                    34  


All user specified timing constraints are met.


------------------------------------------------------------------------------------------------
| Clock Summary
| -------------
------------------------------------------------------------------------------------------------

Clock        Waveform(ns)       Period(ns)      Frequency(MHz)
-----        ------------       ----------      --------------
sys_clk_pin  {0.000 5.000}      10.000          100.000         


------------------------------------------------------------------------------------------------
| Intra Clock Table
| -----------------
------------------------------------------------------------------------------------------------

Clock             WNS(ns)      TNS(ns)  TNS Failing Endpoints  TNS Total Endpoints      WHS(ns)      THS(ns)  THS Failing Endpoints  THS Total Endpoints     WPWS(ns)     TPWS(ns)  TPWS Failing Endpoints  TPWS Total Endpoints  
-----             -------      -------  ---------------------  -------------------      -------      -------  ---------------------  -------------------     --------     --------  ----------------------  --------------------  
sys_clk_pin         6.220        0.000                      0                   17        0.288        0.000                      0                   17        4.500        0.000                       0                    34  


------------------------------------------------------------------------------------------------
| Inter Clock Table
| -----------------
------------------------------------------------------------------------------------------------

From Clock    To Clock          WNS(ns)      TNS(ns)  TNS Failing Endpoints  TNS Total Endpoints      WHS(ns)      THS(ns)  THS Failing Endpoints  THS Total Endpoints  
----------    --------          -------      -------  ---------------------  -------------------      -------      -------  ---------------------  -------------------  


------------------------------------------------------------------------------------------------
| Other Path Groups Table
| -----------------------
------------------------------------------------------------------------------------------------

Path Group    From Clock    To Clock          WNS(ns)      TNS(ns)  TNS Failing Endpoints  TNS Total Endpoints      WHS(ns)      THS(ns)  THS Failing Endpoints  THS Total Endpoints  
----------    ----------    --------          -------      -------  ---------------------  -------------------      -------      -------  ---------------------  -------------------  


------------------------------------------------------------------------------------------------
| User Ignored Path Table
| -----------------------
------------------------------------------------------------------------------------------------

Path Group    From Clock    To Clock    
----------    ----------    --------    


------------------------------------------------------------------------------------------------
| Unconstrained Path Table
| ------------------------
------------------------------------------------------------------------------------------------

Path Group    From Clock    To Clock    
----------    ----------    --------    
(none)        sys_clk_pin                 
(none)                      sys_clk_pin   


------------------------------------------------------------------------------------------------
| Timing Details
| --------------
------------------------------------------------------------------------------------------------


---------------------------------------------------------------------------------------------------
From Clock:  sys_clk_pin
  To Clock:  sys_clk_pin

Setup :            0  Failing Endpoints,  Worst Slack        6.220ns,  Total Violation        0.000ns
Hold  :            0  Failing Endpoints,  Worst Slack        0.288ns,  Total Violation        0.000ns
PW    :            0  Failing Endpoints,  Worst Slack        4.500ns,  Total Violation        0.000ns
---------------------------------------------------------------------------------------------------


Max Delay Paths
--------------------------------------------------------------------------------------
Slack (MET) :             6.220ns  (required time - arrival time)
  Source:                 refresh_counter_reg[15]/C
                            (rising edge-triggered cell FDCE clocked by sys_clk_pin  {rise@0.000ns fall@5.000ns period=10.000ns})
  Destination:            refresh_counter_reg[14]/D
                            (rising edge-triggered cell FDCE clocked by sys_clk_pin  {rise@0.000ns fall@5.000ns period=10.000ns})
  Path Group:             sys_clk_pin
  Path Type:              Setup (Max at Slow Process Corner)
  Requirement:            10.000ns  (sys_clk_pin rise@10.000ns - sys_clk_pin rise@0.000ns)
  Data Path Delay:        3.773ns  (logic 1.090ns (28.886%)  route 2.683ns (71.114%))
  Logic Levels:           4  (LUT2=1 LUT4=1 LUT5=1 LUT6=1)
  Clock Path Skew:        0.000ns (DCD - SCD + CPR)
    Destination Clock Delay (DCD):    5.010ns = ( 15.010 - 10.000 ) 
    Source Clock Delay      (SCD):    5.310ns
    Clock Pessimism Removal (CPR):    0.300ns
  Clock Uncertainty:      0.035ns  ((TSJ^2 + TIJ^2)^1/2 + DJ) / 2 + PE
    Total System Jitter     (TSJ):    0.071ns
    Total Input Jitter      (TIJ):    0.000ns
    Discrete Jitter          (DJ):    0.000ns
    Phase Error              (PE):    0.000ns

    Location             Delay type                Incr(ns)  Path(ns)    Netlist Resource(s)
  -------------------------------------------------------------------    -------------------
                         (clock sys_clk_pin rise edge)
                                                      0.000     0.000 r  
    E3                                                0.000     0.000 r  clk (IN)
                         net (fo=0)                   0.000     0.000    clk
    E3                   IBUF (Prop_ibuf_I_O)         1.482     1.482 r  clk_IBUF_inst/O
                         net (fo=1, routed)           2.025     3.506    clk_IBUF
    BUFGCTRL_X0Y16       BUFG (Prop_bufg_I_O)         0.096     3.602 r  clk_IBUF_BUFG_inst/O
                         net (fo=33, routed)          1.708     5.310    clk_IBUF_BUFG
    SLICE_X1Y107         FDCE                                         r  refresh_counter_reg[15]/C
  -------------------------------------------------------------------    -------------------
    SLICE_X1Y107         FDCE (Prop_fdce_C_Q)         0.419     5.729 f  refresh_counter_reg[15]/Q
                         net (fo=2, routed)           0.817     6.546    refresh_counter_reg_n_0_[15]
    SLICE_X1Y106         LUT4 (Prop_lut4_I2_O)        0.299     6.845 r  refresh_counter[15]_i_6/O
                         net (fo=1, routed)           0.363     7.208    refresh_counter[15]_i_6_n_0
    SLICE_X1Y106         LUT5 (Prop_lut5_I4_O)        0.124     7.332 r  refresh_counter[15]_i_5/O
                         net (fo=1, routed)           0.575     7.907    refresh_counter[15]_i_5_n_0
    SLICE_X1Y104         LUT6 (Prop_lut6_I5_O)        0.124     8.031 r  refresh_counter[15]_i_2/O
                         net (fo=16, routed)          0.929     8.960    refresh_counter[15]_i_2_n_0
    SLICE_X1Y107         LUT2 (Prop_lut2_I0_O)        0.124     9.084 r  refresh_counter[14]_i_1/O
                         net (fo=1, routed)           0.000     9.084    refresh_counter[14]
    SLICE_X1Y107         FDCE                                         r  refresh_counter_reg[14]/D
  -------------------------------------------------------------------    -------------------

                         (clock sys_clk_pin rise edge)
                                                     10.000    10.000 r  
    E3                                                0.000    10.000 r  clk (IN)
                         net (fo=0)                   0.000    10.000    clk
    E3                   IBUF (Prop_ibuf_I_O)         1.411    11.411 r  clk_IBUF_inst/O
                         net (fo=1, routed)           1.920    13.331    clk_IBUF
    BUFGCTRL_X0Y16       BUFG (Prop_bufg_I_O)         0.091    13.422 r  clk_IBUF_BUFG_inst/O
                         net (fo=33, routed)          1.588    15.010    clk_IBUF_BUFG
    SLICE_X1Y107         FDCE                                         r  refresh_counter_reg[14]/C
                         clock pessimism              0.300    15.310    
                         clock uncertainty           -0.035    15.275    
    SLICE_X1Y107         FDCE (Setup_fdce_C_D)        0.029    15.304    refresh_counter_reg[14]
  -------------------------------------------------------------------
                         required time                         15.304    
                         arrival time                          -9.084    
  -------------------------------------------------------------------
                         slack                                  6.220    

Slack (MET) :             6.240ns  (required time - arrival time)
  Source:                 refresh_counter_reg[15]/C
                            (rising edge-triggered cell FDCE clocked by sys_clk_pin  {rise@0.000ns fall@5.000ns period=10.000ns})
  Destination:            refresh_counter_reg[15]/D
                            (rising edge-triggered cell FDCE clocked by sys_clk_pin  {rise@0.000ns fall@5.000ns period=10.000ns})
  Path Group:             sys_clk_pin
  Path Type:              Setup (Max at Slow Process Corner)
  Requirement:            10.000ns  (sys_clk_pin rise@10.000ns - sys_clk_pin rise@0.000ns)
  Data Path Delay:        3.799ns  (logic 1.116ns (29.373%)  route 2.683ns (70.627%))
  Logic Levels:           4  (LUT2=1 LUT4=1 LUT5=1 LUT6=1)
  Clock Path Skew:        0.000ns (DCD - SCD + CPR)
    Destination Clock Delay (DCD):    5.010ns = ( 15.010 - 10.000 ) 
    Source Clock Delay      (SCD):    5.310ns
    Clock Pessimism Removal (CPR):    0.300ns
  Clock Uncertainty:      0.035ns  ((TSJ^2 + TIJ^2)^1/2 + DJ) / 2 + PE
    Total System Jitter     (TSJ):    0.071ns
    Total Input Jitter      (TIJ):    0.000ns
    Discrete Jitter          (DJ):    0.000ns
    Phase Error              (PE):    0.000ns

    Location             Delay type                Incr(ns)  Path(ns)    Netlist Resource(s)
  -------------------------------------------------------------------    -------------------
                         (clock sys_clk_pin rise edge)
                                                      0.000     0.000 r  
    E3                                                0.000     0.000 r  clk (IN)
                         net (fo=0)                   0.000     0.000    clk
    E3                   IBUF (Prop_ibuf_I_O)         1.482     1.482 r  clk_IBUF_inst/O
                         net (fo=1, routed)           2.025     3.506    clk_IBUF
    BUFGCTRL_X0Y16       BUFG (Prop_bufg_I_O)         0.096     3.602 r  clk_IBUF_BUFG_inst/O
                         net (fo=33, routed)          1.708     5.310    clk_IBUF_BUFG
    SLICE_X1Y107         FDCE                                         r  refresh_counter_reg[15]/C
  -------------------------------------------------------------------    -------------------
    SLICE_X1Y107         FDCE (Prop_fdce_C_Q)         0.419     5.729 f  refresh_counter_reg[15]/Q
                         net (fo=2, routed)           0.817     6.546    refresh_counter_reg_n_0_[15]
    SLICE_X1Y106         LUT4 (Prop_lut4_I2_O)        0.299     6.845 r  refresh_counter[15]_i_6/O
                         net (fo=1, routed)           0.363     7.208    refresh_counter[15]_i_6_n_0
    SLICE_X1Y106         LUT5 (Prop_lut5_I4_O)        0.124     7.332 r  refresh_counter[15]_i_5/O
                         net (fo=1, routed)           0.575     7.907    refresh_counter[15]_i_5_n_0
    SLICE_X1Y104         LUT6 (Prop_lut6_I5_O)        0.124     8.031 r  refresh_counter[15]_i_2/O
                         net (fo=16, routed)          0.929     8.960    refresh_counter[15]_i_2_n_0
    SLICE_X1Y107         LUT2 (Prop_lut2_I0_O)        0.150     9.110 r  refresh_counter[15]_i_1/O
                         net (fo=1, routed)           0.000     9.110    refresh_counter[15]
    SLICE_X1Y107         FDCE                                         r  refresh_counter_reg[15]/D
  -------------------------------------------------------------------    -------------------

                         (clock sys_clk_pin rise edge)
                                                     10.000    10.000 r  
    E3                                                0.000    10.000 r  clk (IN)
                         net (fo=0)                   0.000    10.000    clk
    E3                   IBUF (Prop_ibuf_I_O)         1.411    11.411 r  clk_IBUF_inst/O
                         net (fo=1, routed)           1.920    13.331    clk_IBUF
    BUFGCTRL_X0Y16       BUFG (Prop_bufg_I_O)         0.091    13.422 r  clk_IBUF_BUFG_inst/O
                         net (fo=33, routed)          1.588    15.010    clk_IBUF_BUFG
    SLICE_X1Y107         FDCE                                         r  refresh_counter_reg[15]/C
                         clock pessimism              0.300    15.310    
                         clock uncertainty           -0.035    15.275    
    SLICE_X1Y107         FDCE (Setup_fdce_C_D)        0.075    15.350    refresh_counter_reg[15]
  -------------------------------------------------------------------
                         required time                         15.350    
                         arrival time                          -9.110    
  -------------------------------------------------------------------
                         slack                                  6.240    

Slack (MET) :             6.272ns  (required time - arrival time)
  Source:                 refresh_counter_reg[15]/C
                            (rising edge-triggered cell FDCE clocked by sys_clk_pin  {rise@0.000ns fall@5.000ns period=10.000ns})
  Destination:            refresh_counter_reg[4]/D
                            (rising edge-triggered cell FDCE clocked by sys_clk_pin  {rise@0.000ns fall@5.000ns period=10.000ns})
  Path Group:             sys_clk_pin
  Path Type:              Setup (Max at Slow Process Corner)
  Requirement:            10.000ns  (sys_clk_pin rise@10.000ns - sys_clk_pin rise@0.000ns)
  Data Path Delay:        3.697ns  (logic 1.090ns (29.480%)  route 2.607ns (70.520%))
  Logic Levels:           4  (LUT2=1 LUT4=1 LUT5=1 LUT6=1)
  Clock Path Skew:        -0.024ns (DCD - SCD + CPR)
    Destination Clock Delay (DCD):    5.011ns = ( 15.011 - 10.000 ) 
    Source Clock Delay      (SCD):    5.310ns
    Clock Pessimism Removal (CPR):    0.275ns
  Clock Uncertainty:      0.035ns  ((TSJ^2 + TIJ^2)^1/2 + DJ) / 2 + PE
    Total System Jitter     (TSJ):    0.071ns
    Total Input Jitter      (TIJ):    0.000ns
    Discrete Jitter          (DJ):    0.000ns
    Phase Error              (PE):    0.000ns

    Location             Delay type                Incr(ns)  Path(ns)    Netlist Resource(s)
  -------------------------------------------------------------------    -------------------
                         (clock sys_clk_pin rise edge)
                                                      0.000     0.000 r  
    E3                                                0.000     0.000 r  clk (IN)
                         net (fo=0)                   0.000     0.000    clk
    E3                   IBUF (Prop_ibuf_I_O)         1.482     1.482 r  clk_IBUF_inst/O
                         net (fo=1, routed)           2.025     3.506    clk_IBUF
    BUFGCTRL_X0Y16       BUFG (Prop_bufg_I_O)         0.096     3.602 r  clk_IBUF_BUFG_inst/O
                         net (fo=33, routed)          1.708     5.310    clk_IBUF_BUFG
    SLICE_X1Y107         FDCE                                         r  refresh_counter_reg[15]/C
  -------------------------------------------------------------------    -------------------
    SLICE_X1Y107         FDCE (Prop_fdce_C_Q)         0.419     5.729 f  refresh_counter_reg[15]/Q
                         net (fo=2, routed)           0.817     6.546    refresh_counter_reg_n_0_[15]
    SLICE_X1Y106         LUT4 (Prop_lut4_I2_O)        0.299     6.845 r  refresh_counter[15]_i_6/O
                         net (fo=1, routed)           0.363     7.208    refresh_counter[15]_i_6_n_0
    SLICE_X1Y106         LUT5 (Prop_lut5_I4_O)        0.124     7.332 r  refresh_counter[15]_i_5/O
                         net (fo=1, routed)           0.575     7.907    refresh_counter[15]_i_5_n_0
    SLICE_X1Y104         LUT6 (Prop_lut6_I5_O)        0.124     8.031 r  refresh_counter[15]_i_2/O
                         net (fo=16, routed)          0.853     8.884    refresh_counter[15]_i_2_n_0
    SLICE_X1Y105         LUT2 (Prop_lut2_I0_O)        0.124     9.008 r  refresh_counter[4]_i_1/O
                         net (fo=1, routed)           0.000     9.008    refresh_counter[4]
    SLICE_X1Y105         FDCE                                         r  refresh_counter_reg[4]/D
  -------------------------------------------------------------------    -------------------

                         (clock sys_clk_pin rise edge)
                                                     10.000    10.000 r  
    E3                                                0.000    10.000 r  clk (IN)
                         net (fo=0)                   0.000    10.000    clk
    E3                   IBUF (Prop_ibuf_I_O)         1.411    11.411 r  clk_IBUF_inst/O
                         net (fo=1, routed)           1.920    13.331    clk_IBUF
    BUFGCTRL_X0Y16       BUFG (Prop_bufg_I_O)         0.091    13.422 r  clk_IBUF_BUFG_inst/O
                         net (fo=33, routed)          1.589    15.011    clk_IBUF_BUFG
    SLICE_X1Y105         FDCE                                         r  refresh_counter_reg[4]/C
                         clock pessimism              0.275    15.286    
                         clock uncertainty           -0.035    15.251    
    SLICE_X1Y105         FDCE (Setup_fdce_C_D)        0.029    15.280    refresh_counter_reg[4]
  -------------------------------------------------------------------
                         required time                         15.280    
                         arrival time                          -9.008    
  -------------------------------------------------------------------
                         slack                                  6.272    

Slack (MET) :             6.273ns  (required time - arrival time)
  Source:                 refresh_counter_reg[15]/C
                            (rising edge-triggered cell FDCE clocked by sys_clk_pin  {rise@0.000ns fall@5.000ns period=10.000ns})
  Destination:            refresh_counter_reg[7]/D
                            (rising edge-triggered cell FDCE clocked by sys_clk_pin  {rise@0.000ns fall@5.000ns period=10.000ns})
  Path Group:             sys_clk_pin
  Path Type:              Setup (Max at Slow Process Corner)
  Requirement:            10.000ns  (sys_clk_pin rise@10.000ns - sys_clk_pin rise@0.000ns)
  Data Path Delay:        3.699ns  (logic 1.090ns (29.471%)  route 2.609ns (70.529%))
  Logic Levels:           4  (LUT2=1 LUT4=1 LUT5=1 LUT6=1)
  Clock Path Skew:        -0.024ns (DCD - SCD + CPR)
    Destination Clock Delay (DCD):    5.011ns = ( 15.011 - 10.000 ) 
    Source Clock Delay      (SCD):    5.310ns
    Clock Pessimism Removal (CPR):    0.275ns
  Clock Uncertainty:      0.035ns  ((TSJ^2 + TIJ^2)^1/2 + DJ) / 2 + PE
    Total System Jitter     (TSJ):    0.071ns
    Total Input Jitter      (TIJ):    0.000ns
    Discrete Jitter          (DJ):    0.000ns
    Phase Error              (PE):    0.000ns

    Location             Delay type                Incr(ns)  Path(ns)    Netlist Resource(s)
  -------------------------------------------------------------------    -------------------
                         (clock sys_clk_pin rise edge)
                                                      0.000     0.000 r  
    E3                                                0.000     0.000 r  clk (IN)
                         net (fo=0)                   0.000     0.000    clk
    E3                   IBUF (Prop_ibuf_I_O)         1.482     1.482 r  clk_IBUF_inst/O
                         net (fo=1, routed)           2.025     3.506    clk_IBUF
    BUFGCTRL_X0Y16       BUFG (Prop_bufg_I_O)         0.096     3.602 r  clk_IBUF_BUFG_inst/O
                         net (fo=33, routed)          1.708     5.310    clk_IBUF_BUFG
    SLICE_X1Y107         FDCE                                         r  refresh_counter_reg[15]/C
  -------------------------------------------------------------------    -------------------
    SLICE_X1Y107         FDCE (Prop_fdce_C_Q)         0.419     5.729 f  refresh_counter_reg[15]/Q
                         net (fo=2, routed)           0.817     6.546    refresh_counter_reg_n_0_[15]
    SLICE_X1Y106         LUT4 (Prop_lut4_I2_O)        0.299     6.845 r  refresh_counter[15]_i_6/O
                         net (fo=1, routed)           0.363     7.208    refresh_counter[15]_i_6_n_0
    SLICE_X1Y106         LUT5 (Prop_lut5_I4_O)        0.124     7.332 r  refresh_counter[15]_i_5/O
                         net (fo=1, routed)           0.575     7.907    refresh_counter[15]_i_5_n_0
    SLICE_X1Y104         LUT6 (Prop_lut6_I5_O)        0.124     8.031 r  refresh_counter[15]_i_2/O
                         net (fo=16, routed)          0.854     8.885    refresh_counter[15]_i_2_n_0
    SLICE_X1Y105         LUT2 (Prop_lut2_I0_O)        0.124     9.009 r  refresh_counter[7]_i_1/O
                         net (fo=1, routed)           0.000     9.009    refresh_counter[7]
    SLICE_X1Y105         FDCE                                         r  refresh_counter_reg[7]/D
  -------------------------------------------------------------------    -------------------

                         (clock sys_clk_pin rise edge)
                                                     10.000    10.000 r  
    E3                                                0.000    10.000 r  clk (IN)
                         net (fo=0)                   0.000    10.000    clk
    E3                   IBUF (Prop_ibuf_I_O)         1.411    11.411 r  clk_IBUF_inst/O
                         net (fo=1, routed)           1.920    13.331    clk_IBUF
    BUFGCTRL_X0Y16       BUFG (Prop_bufg_I_O)         0.091    13.422 r  clk_IBUF_BUFG_inst/O
                         net (fo=33, routed)          1.589    15.011    clk_IBUF_BUFG
    SLICE_X1Y105         FDCE                                         r  refresh_counter_reg[7]/C
                         clock pessimism              0.275    15.286    
                         clock uncertainty           -0.035    15.251    
    SLICE_X1Y105         FDCE (Setup_fdce_C_D)        0.031    15.282    refresh_counter_reg[7]
  -------------------------------------------------------------------
                         required time                         15.282    
                         arrival time                          -9.009    
  -------------------------------------------------------------------
                         slack                                  6.273    

Slack (MET) :             6.289ns  (required time - arrival time)
  Source:                 refresh_counter_reg[15]/C
                            (rising edge-triggered cell FDCE clocked by sys_clk_pin  {rise@0.000ns fall@5.000ns period=10.000ns})
  Destination:            refresh_counter_reg[8]/D
                            (rising edge-triggered cell FDCE clocked by sys_clk_pin  {rise@0.000ns fall@5.000ns period=10.000ns})
  Path Group:             sys_clk_pin
  Path Type:              Setup (Max at Slow Process Corner)
  Requirement:            10.000ns  (sys_clk_pin rise@10.000ns - sys_clk_pin rise@0.000ns)
  Data Path Delay:        3.727ns  (logic 1.118ns (30.001%)  route 2.609ns (69.999%))
  Logic Levels:           4  (LUT2=1 LUT4=1 LUT5=1 LUT6=1)
  Clock Path Skew:        -0.024ns (DCD - SCD + CPR)
    Destination Clock Delay (DCD):    5.011ns = ( 15.011 - 10.000 ) 
    Source Clock Delay      (SCD):    5.310ns
    Clock Pessimism Removal (CPR):    0.275ns
  Clock Uncertainty:      0.035ns  ((TSJ^2 + TIJ^2)^1/2 + DJ) / 2 + PE
    Total System Jitter     (TSJ):    0.071ns
    Total Input Jitter      (TIJ):    0.000ns
    Discrete Jitter          (DJ):    0.000ns
    Phase Error              (PE):    0.000ns

    Location             Delay type                Incr(ns)  Path(ns)    Netlist Resource(s)
  -------------------------------------------------------------------    -------------------
                         (clock sys_clk_pin rise edge)
                                                      0.000     0.000 r  
    E3                                                0.000     0.000 r  clk (IN)
                         net (fo=0)                   0.000     0.000    clk
    E3                   IBUF (Prop_ibuf_I_O)         1.482     1.482 r  clk_IBUF_inst/O
                         net (fo=1, routed)           2.025     3.506    clk_IBUF
    BUFGCTRL_X0Y16       BUFG (Prop_bufg_I_O)         0.096     3.602 r  clk_IBUF_BUFG_inst/O
                         net (fo=33, routed)          1.708     5.310    clk_IBUF_BUFG
    SLICE_X1Y107         FDCE                                         r  refresh_counter_reg[15]/C
  -------------------------------------------------------------------    -------------------
    SLICE_X1Y107         FDCE (Prop_fdce_C_Q)         0.419     5.729 f  refresh_counter_reg[15]/Q
                         net (fo=2, routed)           0.817     6.546    refresh_counter_reg_n_0_[15]
    SLICE_X1Y106         LUT4 (Prop_lut4_I2_O)        0.299     6.845 r  refresh_counter[15]_i_6/O
                         net (fo=1, routed)           0.363     7.208    refresh_counter[15]_i_6_n_0
    SLICE_X1Y106         LUT5 (Prop_lut5_I4_O)        0.124     7.332 r  refresh_counter[15]_i_5/O
                         net (fo=1, routed)           0.575     7.907    refresh_counter[15]_i_5_n_0
    SLICE_X1Y104         LUT6 (Prop_lut6_I5_O)        0.124     8.031 r  refresh_counter[15]_i_2/O
                         net (fo=16, routed)          0.854     8.885    refresh_counter[15]_i_2_n_0
    SLICE_X1Y105         LUT2 (Prop_lut2_I0_O)        0.152     9.037 r  refresh_counter[8]_i_1/O
                         net (fo=1, routed)           0.000     9.037    refresh_counter[8]
    SLICE_X1Y105         FDCE                                         r  refresh_counter_reg[8]/D
  -------------------------------------------------------------------    -------------------

                         (clock sys_clk_pin rise edge)
                                                     10.000    10.000 r  
    E3                                                0.000    10.000 r  clk (IN)
                         net (fo=0)                   0.000    10.000    clk
    E3                   IBUF (Prop_ibuf_I_O)         1.411    11.411 r  clk_IBUF_inst/O
                         net (fo=1, routed)           1.920    13.331    clk_IBUF
    BUFGCTRL_X0Y16       BUFG (Prop_bufg_I_O)         0.091    13.422 r  clk_IBUF_BUFG_inst/O
                         net (fo=33, routed)          1.589    15.011    clk_IBUF_BUFG
    SLICE_X1Y105         FDCE                                         r  refresh_counter_reg[8]/C
                         clock pessimism              0.275    15.286    
                         clock uncertainty           -0.035    15.251    
    SLICE_X1Y105         FDCE (Setup_fdce_C_D)        0.075    15.326    refresh_counter_reg[8]
  -------------------------------------------------------------------
                         required time                         15.326    
                         arrival time                          -9.037    
  -------------------------------------------------------------------
                         slack                                  6.289    

Slack (MET) :             6.290ns  (required time - arrival time)
  Source:                 refresh_counter_reg[15]/C
                            (rising edge-triggered cell FDCE clocked by sys_clk_pin  {rise@0.000ns fall@5.000ns period=10.000ns})
  Destination:            refresh_counter_reg[5]/D
                            (rising edge-triggered cell FDCE clocked by sys_clk_pin  {rise@0.000ns fall@5.000ns period=10.000ns})
  Path Group:             sys_clk_pin
  Path Type:              Setup (Max at Slow Process Corner)
  Requirement:            10.000ns  (sys_clk_pin rise@10.000ns - sys_clk_pin rise@0.000ns)
  Data Path Delay:        3.725ns  (logic 1.118ns (30.010%)  route 2.607ns (69.990%))
  Logic Levels:           4  (LUT2=1 LUT4=1 LUT5=1 LUT6=1)
  Clock Path Skew:        -0.024ns (DCD - SCD + CPR)
    Destination Clock Delay (DCD):    5.011ns = ( 15.011 - 10.000 ) 
    Source Clock Delay      (SCD):    5.310ns
    Clock Pessimism Removal (CPR):    0.275ns
  Clock Uncertainty:      0.035ns  ((TSJ^2 + TIJ^2)^1/2 + DJ) / 2 + PE
    Total System Jitter     (TSJ):    0.071ns
    Total Input Jitter      (TIJ):    0.000ns
    Discrete Jitter          (DJ):    0.000ns
    Phase Error              (PE):    0.000ns

    Location             Delay type                Incr(ns)  Path(ns)    Netlist Resource(s)
  -------------------------------------------------------------------    -------------------
                         (clock sys_clk_pin rise edge)
                                                      0.000     0.000 r  
    E3                                                0.000     0.000 r  clk (IN)
                         net (fo=0)                   0.000     0.000    clk
    E3                   IBUF (Prop_ibuf_I_O)         1.482     1.482 r  clk_IBUF_inst/O
                         net (fo=1, routed)           2.025     3.506    clk_IBUF
    BUFGCTRL_X0Y16       BUFG (Prop_bufg_I_O)         0.096     3.602 r  clk_IBUF_BUFG_inst/O
                         net (fo=33, routed)          1.708     5.310    clk_IBUF_BUFG
    SLICE_X1Y107         FDCE                                         r  refresh_counter_reg[15]/C
  -------------------------------------------------------------------    -------------------
    SLICE_X1Y107         FDCE (Prop_fdce_C_Q)         0.419     5.729 f  refresh_counter_reg[15]/Q
                         net (fo=2, routed)           0.817     6.546    refresh_counter_reg_n_0_[15]
    SLICE_X1Y106         LUT4 (Prop_lut4_I2_O)        0.299     6.845 r  refresh_counter[15]_i_6/O
                         net (fo=1, routed)           0.363     7.208    refresh_counter[15]_i_6_n_0
    SLICE_X1Y106         LUT5 (Prop_lut5_I4_O)        0.124     7.332 r  refresh_counter[15]_i_5/O
                         net (fo=1, routed)           0.575     7.907    refresh_counter[15]_i_5_n_0
    SLICE_X1Y104         LUT6 (Prop_lut6_I5_O)        0.124     8.031 r  refresh_counter[15]_i_2/O
                         net (fo=16, routed)          0.853     8.884    refresh_counter[15]_i_2_n_0
    SLICE_X1Y105         LUT2 (Prop_lut2_I0_O)        0.152     9.036 r  refresh_counter[5]_i_1/O
                         net (fo=1, routed)           0.000     9.036    refresh_counter[5]
    SLICE_X1Y105         FDCE                                         r  refresh_counter_reg[5]/D
  -------------------------------------------------------------------    -------------------

                         (clock sys_clk_pin rise edge)
                                                     10.000    10.000 r  
    E3                                                0.000    10.000 r  clk (IN)
                         net (fo=0)                   0.000    10.000    clk
    E3                   IBUF (Prop_ibuf_I_O)         1.411    11.411 r  clk_IBUF_inst/O
                         net (fo=1, routed)           1.920    13.331    clk_IBUF
    BUFGCTRL_X0Y16       BUFG (Prop_bufg_I_O)         0.091    13.422 r  clk_IBUF_BUFG_inst/O
                         net (fo=33, routed)          1.589    15.011    clk_IBUF_BUFG
    SLICE_X1Y105         FDCE                                         r  refresh_counter_reg[5]/C
                         clock pessimism              0.275    15.286    
                         clock uncertainty           -0.035    15.251    
    SLICE_X1Y105         FDCE (Setup_fdce_C_D)        0.075    15.326    refresh_counter_reg[5]
  -------------------------------------------------------------------
                         required time                         15.326    
                         arrival time                          -9.036    
  -------------------------------------------------------------------
                         slack                                  6.290    

Slack (MET) :             6.330ns  (required time - arrival time)
  Source:                 refresh_counter_reg[15]/C
                            (rising edge-triggered cell FDCE clocked by sys_clk_pin  {rise@0.000ns fall@5.000ns period=10.000ns})
  Destination:            refresh_counter_reg[11]/D
                            (rising edge-triggered cell FDCE clocked by sys_clk_pin  {rise@0.000ns fall@5.000ns period=10.000ns})
  Path Group:             sys_clk_pin
  Path Type:              Setup (Max at Slow Process Corner)
  Requirement:            10.000ns  (sys_clk_pin rise@10.000ns - sys_clk_pin rise@0.000ns)
  Data Path Delay:        3.687ns  (logic 1.090ns (29.560%)  route 2.597ns (70.440%))
  Logic Levels:           4  (LUT2=1 LUT4=1 LUT5=1 LUT6=1)
  Clock Path Skew:        -0.024ns (DCD - SCD + CPR)
    Destination Clock Delay (DCD):    5.011ns = ( 15.011 - 10.000 ) 
    Source Clock Delay      (SCD):    5.310ns
    Clock Pessimism Removal (CPR):    0.275ns
  Clock Uncertainty:      0.035ns  ((TSJ^2 + TIJ^2)^1/2 + DJ) / 2 + PE
    Total System Jitter     (TSJ):    0.071ns
    Total Input Jitter      (TIJ):    0.000ns
    Discrete Jitter          (DJ):    0.000ns
    Phase Error              (PE):    0.000ns

    Location             Delay type                Incr(ns)  Path(ns)    Netlist Resource(s)
  -------------------------------------------------------------------    -------------------
                         (clock sys_clk_pin rise edge)
                                                      0.000     0.000 r  
    E3                                                0.000     0.000 r  clk (IN)
                         net (fo=0)                   0.000     0.000    clk
    E3                   IBUF (Prop_ibuf_I_O)         1.482     1.482 r  clk_IBUF_inst/O
                         net (fo=1, routed)           2.025     3.506    clk_IBUF
    BUFGCTRL_X0Y16       BUFG (Prop_bufg_I_O)         0.096     3.602 r  clk_IBUF_BUFG_inst/O
                         net (fo=33, routed)          1.708     5.310    clk_IBUF_BUFG
    SLICE_X1Y107         FDCE                                         r  refresh_counter_reg[15]/C
  -------------------------------------------------------------------    -------------------
    SLICE_X1Y107         FDCE (Prop_fdce_C_Q)         0.419     5.729 f  refresh_counter_reg[15]/Q
                         net (fo=2, routed)           0.817     6.546    refresh_counter_reg_n_0_[15]
    SLICE_X1Y106         LUT4 (Prop_lut4_I2_O)        0.299     6.845 r  refresh_counter[15]_i_6/O
                         net (fo=1, routed)           0.363     7.208    refresh_counter[15]_i_6_n_0
    SLICE_X1Y106         LUT5 (Prop_lut5_I4_O)        0.124     7.332 r  refresh_counter[15]_i_5/O
                         net (fo=1, routed)           0.575     7.907    refresh_counter[15]_i_5_n_0
    SLICE_X1Y104         LUT6 (Prop_lut6_I5_O)        0.124     8.031 r  refresh_counter[15]_i_2/O
                         net (fo=16, routed)          0.843     8.874    refresh_counter[15]_i_2_n_0
    SLICE_X2Y106         LUT2 (Prop_lut2_I0_O)        0.124     8.998 r  refresh_counter[11]_i_1/O
                         net (fo=1, routed)           0.000     8.998    refresh_counter[11]
    SLICE_X2Y106         FDCE                                         r  refresh_counter_reg[11]/D
  -------------------------------------------------------------------    -------------------

                         (clock sys_clk_pin rise edge)
                                                     10.000    10.000 r  
    E3                                                0.000    10.000 r  clk (IN)
                         net (fo=0)                   0.000    10.000    clk
    E3                   IBUF (Prop_ibuf_I_O)         1.411    11.411 r  clk_IBUF_inst/O
                         net (fo=1, routed)           1.920    13.331    clk_IBUF
    BUFGCTRL_X0Y16       BUFG (Prop_bufg_I_O)         0.091    13.422 r  clk_IBUF_BUFG_inst/O
                         net (fo=33, routed)          1.589    15.011    clk_IBUF_BUFG
    SLICE_X2Y106         FDCE                                         r  refresh_counter_reg[11]/C
                         clock pessimism              0.275    15.286    
                         clock uncertainty           -0.035    15.251    
    SLICE_X2Y106         FDCE (Setup_fdce_C_D)        0.077    15.328    refresh_counter_reg[11]
  -------------------------------------------------------------------
                         required time                         15.328    
                         arrival time                          -8.998    
  -------------------------------------------------------------------
                         slack                                  6.330    

Slack (MET) :             6.347ns  (required time - arrival time)
  Source:                 refresh_counter_reg[15]/C
                            (rising edge-triggered cell FDCE clocked by sys_clk_pin  {rise@0.000ns fall@5.000ns period=10.000ns})
  Destination:            refresh_counter_reg[12]/D
                            (rising edge-triggered cell FDCE clocked by sys_clk_pin  {rise@0.000ns fall@5.000ns period=10.000ns})
  Path Group:             sys_clk_pin
  Path Type:              Setup (Max at Slow Process Corner)
  Requirement:            10.000ns  (sys_clk_pin rise@10.000ns - sys_clk_pin rise@0.000ns)
  Data Path Delay:        3.711ns  (logic 1.114ns (30.015%)  route 2.597ns (69.985%))
  Logic Levels:           4  (LUT2=1 LUT4=1 LUT5=1 LUT6=1)
  Clock Path Skew:        -0.024ns (DCD - SCD + CPR)
    Destination Clock Delay (DCD):    5.011ns = ( 15.011 - 10.000 ) 
    Source Clock Delay      (SCD):    5.310ns
    Clock Pessimism Removal (CPR):    0.275ns
  Clock Uncertainty:      0.035ns  ((TSJ^2 + TIJ^2)^1/2 + DJ) / 2 + PE
    Total System Jitter     (TSJ):    0.071ns
    Total Input Jitter      (TIJ):    0.000ns
    Discrete Jitter          (DJ):    0.000ns
    Phase Error              (PE):    0.000ns

    Location             Delay type                Incr(ns)  Path(ns)    Netlist Resource(s)
  -------------------------------------------------------------------    -------------------
                         (clock sys_clk_pin rise edge)
                                                      0.000     0.000 r  
    E3                                                0.000     0.000 r  clk (IN)
                         net (fo=0)                   0.000     0.000    clk
    E3                   IBUF (Prop_ibuf_I_O)         1.482     1.482 r  clk_IBUF_inst/O
                         net (fo=1, routed)           2.025     3.506    clk_IBUF
    BUFGCTRL_X0Y16       BUFG (Prop_bufg_I_O)         0.096     3.602 r  clk_IBUF_BUFG_inst/O
                         net (fo=33, routed)          1.708     5.310    clk_IBUF_BUFG
    SLICE_X1Y107         FDCE                                         r  refresh_counter_reg[15]/C
  -------------------------------------------------------------------    -------------------
    SLICE_X1Y107         FDCE (Prop_fdce_C_Q)         0.419     5.729 f  refresh_counter_reg[15]/Q
                         net (fo=2, routed)           0.817     6.546    refresh_counter_reg_n_0_[15]
    SLICE_X1Y106         LUT4 (Prop_lut4_I2_O)        0.299     6.845 r  refresh_counter[15]_i_6/O
                         net (fo=1, routed)           0.363     7.208    refresh_counter[15]_i_6_n_0
    SLICE_X1Y106         LUT5 (Prop_lut5_I4_O)        0.124     7.332 r  refresh_counter[15]_i_5/O
                         net (fo=1, routed)           0.575     7.907    refresh_counter[15]_i_5_n_0
    SLICE_X1Y104         LUT6 (Prop_lut6_I5_O)        0.124     8.031 r  refresh_counter[15]_i_2/O
                         net (fo=16, routed)          0.843     8.874    refresh_counter[15]_i_2_n_0
    SLICE_X2Y106         LUT2 (Prop_lut2_I0_O)        0.148     9.022 r  refresh_counter[12]_i_1/O
                         net (fo=1, routed)           0.000     9.022    refresh_counter[12]
    SLICE_X2Y106         FDCE                                         r  refresh_counter_reg[12]/D
  -------------------------------------------------------------------    -------------------

                         (clock sys_clk_pin rise edge)
                                                     10.000    10.000 r  
    E3                                                0.000    10.000 r  clk (IN)
                         net (fo=0)                   0.000    10.000    clk
    E3                   IBUF (Prop_ibuf_I_O)         1.411    11.411 r  clk_IBUF_inst/O
                         net (fo=1, routed)           1.920    13.331    clk_IBUF
    BUFGCTRL_X0Y16       BUFG (Prop_bufg_I_O)         0.091    13.422 r  clk_IBUF_BUFG_inst/O
                         net (fo=33, routed)          1.589    15.011    clk_IBUF_BUFG
    SLICE_X2Y106         FDCE                                         r  refresh_counter_reg[12]/C
                         clock pessimism              0.275    15.286    
                         clock uncertainty           -0.035    15.251    
    SLICE_X2Y106         FDCE (Setup_fdce_C_D)        0.118    15.369    refresh_counter_reg[12]
  -------------------------------------------------------------------
                         required time                         15.369    
                         arrival time                          -9.022    
  -------------------------------------------------------------------
                         slack                                  6.347    

Slack (MET) :             6.413ns  (required time - arrival time)
  Source:                 refresh_counter_reg[15]/C
                            (rising edge-triggered cell FDCE clocked by sys_clk_pin  {rise@0.000ns fall@5.000ns period=10.000ns})
  Destination:            refresh_counter_reg[2]/D
                            (rising edge-triggered cell FDCE clocked by sys_clk_pin  {rise@0.000ns fall@5.000ns period=10.000ns})
  Path Group:             sys_clk_pin
  Path Type:              Setup (Max at Slow Process Corner)
  Requirement:            10.000ns  (sys_clk_pin rise@10.000ns - sys_clk_pin rise@0.000ns)
  Data Path Delay:        3.559ns  (logic 1.090ns (30.630%)  route 2.469ns (69.370%))
  Logic Levels:           4  (LUT2=1 LUT4=1 LUT5=1 LUT6=1)
  Clock Path Skew:        -0.024ns (DCD - SCD + CPR)
    Destination Clock Delay (DCD):    5.011ns = ( 15.011 - 10.000 ) 
    Source Clock Delay      (SCD):    5.310ns
    Clock Pessimism Removal (CPR):    0.275ns
  Clock Uncertainty:      0.035ns  ((TSJ^2 + TIJ^2)^1/2 + DJ) / 2 + PE
    Total System Jitter     (TSJ):    0.071ns
    Total Input Jitter      (TIJ):    0.000ns
    Discrete Jitter          (DJ):    0.000ns
    Phase Error              (PE):    0.000ns

    Location             Delay type                Incr(ns)  Path(ns)    Netlist Resource(s)
  -------------------------------------------------------------------    -------------------
                         (clock sys_clk_pin rise edge)
                                                      0.000     0.000 r  
    E3                                                0.000     0.000 r  clk (IN)
                         net (fo=0)                   0.000     0.000    clk
    E3                   IBUF (Prop_ibuf_I_O)         1.482     1.482 r  clk_IBUF_inst/O
                         net (fo=1, routed)           2.025     3.506    clk_IBUF
    BUFGCTRL_X0Y16       BUFG (Prop_bufg_I_O)         0.096     3.602 r  clk_IBUF_BUFG_inst/O
                         net (fo=33, routed)          1.708     5.310    clk_IBUF_BUFG
    SLICE_X1Y107         FDCE                                         r  refresh_counter_reg[15]/C
  -------------------------------------------------------------------    -------------------
    SLICE_X1Y107         FDCE (Prop_fdce_C_Q)         0.419     5.729 f  refresh_counter_reg[15]/Q
                         net (fo=2, routed)           0.817     6.546    refresh_counter_reg_n_0_[15]
    SLICE_X1Y106         LUT4 (Prop_lut4_I2_O)        0.299     6.845 r  refresh_counter[15]_i_6/O
                         net (fo=1, routed)           0.363     7.208    refresh_counter[15]_i_6_n_0
    SLICE_X1Y106         LUT5 (Prop_lut5_I4_O)        0.124     7.332 r  refresh_counter[15]_i_5/O
                         net (fo=1, routed)           0.575     7.907    refresh_counter[15]_i_5_n_0
    SLICE_X1Y104         LUT6 (Prop_lut6_I5_O)        0.124     8.031 r  refresh_counter[15]_i_2/O
                         net (fo=16, routed)          0.714     8.745    refresh_counter[15]_i_2_n_0
    SLICE_X1Y104         LUT2 (Prop_lut2_I0_O)        0.124     8.869 r  refresh_counter[2]_i_1/O
                         net (fo=1, routed)           0.000     8.869    refresh_counter[2]
    SLICE_X1Y104         FDCE                                         r  refresh_counter_reg[2]/D
  -------------------------------------------------------------------    -------------------

                         (clock sys_clk_pin rise edge)
                                                     10.000    10.000 r  
    E3                                                0.000    10.000 r  clk (IN)
                         net (fo=0)                   0.000    10.000    clk
    E3                   IBUF (Prop_ibuf_I_O)         1.411    11.411 r  clk_IBUF_inst/O
                         net (fo=1, routed)           1.920    13.331    clk_IBUF
    BUFGCTRL_X0Y16       BUFG (Prop_bufg_I_O)         0.091    13.422 r  clk_IBUF_BUFG_inst/O
                         net (fo=33, routed)          1.589    15.011    clk_IBUF_BUFG
    SLICE_X1Y104         FDCE                                         r  refresh_counter_reg[2]/C
                         clock pessimism              0.275    15.286    
                         clock uncertainty           -0.035    15.251    
    SLICE_X1Y104         FDCE (Setup_fdce_C_D)        0.031    15.282    refresh_counter_reg[2]
  -------------------------------------------------------------------
                         required time                         15.282    
                         arrival time                          -8.869    
  -------------------------------------------------------------------
                         slack                                  6.413    

Slack (MET) :             6.413ns  (required time - arrival time)
  Source:                 refresh_counter_reg[15]/C
                            (rising edge-triggered cell FDCE clocked by sys_clk_pin  {rise@0.000ns fall@5.000ns period=10.000ns})
  Destination:            display_select_reg/D
                            (rising edge-triggered cell FDCE clocked by sys_clk_pin  {rise@0.000ns fall@5.000ns period=10.000ns})
  Path Group:             sys_clk_pin
  Path Type:              Setup (Max at Slow Process Corner)
  Requirement:            10.000ns  (sys_clk_pin rise@10.000ns - sys_clk_pin rise@0.000ns)
  Data Path Delay:        3.557ns  (logic 1.090ns (30.648%)  route 2.467ns (69.352%))
  Logic Levels:           4  (LUT2=1 LUT4=1 LUT5=1 LUT6=1)
  Clock Path Skew:        -0.024ns (DCD - SCD + CPR)
    Destination Clock Delay (DCD):    5.011ns = ( 15.011 - 10.000 ) 
    Source Clock Delay      (SCD):    5.310ns
    Clock Pessimism Removal (CPR):    0.275ns
  Clock Uncertainty:      0.035ns  ((TSJ^2 + TIJ^2)^1/2 + DJ) / 2 + PE
    Total System Jitter     (TSJ):    0.071ns
    Total Input Jitter      (TIJ):    0.000ns
    Discrete Jitter          (DJ):    0.000ns
    Phase Error              (PE):    0.000ns

    Location             Delay type                Incr(ns)  Path(ns)    Netlist Resource(s)
  -------------------------------------------------------------------    -------------------
                         (clock sys_clk_pin rise edge)
                                                      0.000     0.000 r  
    E3                                                0.000     0.000 r  clk (IN)
                         net (fo=0)                   0.000     0.000    clk
    E3                   IBUF (Prop_ibuf_I_O)         1.482     1.482 r  clk_IBUF_inst/O
                         net (fo=1, routed)           2.025     3.506    clk_IBUF
    BUFGCTRL_X0Y16       BUFG (Prop_bufg_I_O)         0.096     3.602 r  clk_IBUF_BUFG_inst/O
                         net (fo=33, routed)          1.708     5.310    clk_IBUF_BUFG
    SLICE_X1Y107         FDCE                                         r  refresh_counter_reg[15]/C
  -------------------------------------------------------------------    -------------------
    SLICE_X1Y107         FDCE (Prop_fdce_C_Q)         0.419     5.729 f  refresh_counter_reg[15]/Q
                         net (fo=2, routed)           0.817     6.546    refresh_counter_reg_n_0_[15]
    SLICE_X1Y106         LUT4 (Prop_lut4_I2_O)        0.299     6.845 r  refresh_counter[15]_i_6/O
                         net (fo=1, routed)           0.363     7.208    refresh_counter[15]_i_6_n_0
    SLICE_X1Y106         LUT5 (Prop_lut5_I4_O)        0.124     7.332 r  refresh_counter[15]_i_5/O
                         net (fo=1, routed)           0.575     7.907    refresh_counter[15]_i_5_n_0
    SLICE_X1Y104         LUT6 (Prop_lut6_I5_O)        0.124     8.031 r  refresh_counter[15]_i_2/O
                         net (fo=16, routed)          0.712     8.743    refresh_counter[15]_i_2_n_0
    SLICE_X1Y104         LUT2 (Prop_lut2_I0_O)        0.124     8.867 r  display_select_i_1/O
                         net (fo=1, routed)           0.000     8.867    display_select_i_1_n_0
    SLICE_X1Y104         FDCE                                         r  display_select_reg/D
  -------------------------------------------------------------------    -------------------

                         (clock sys_clk_pin rise edge)
                                                     10.000    10.000 r  
    E3                                                0.000    10.000 r  clk (IN)
                         net (fo=0)                   0.000    10.000    clk
    E3                   IBUF (Prop_ibuf_I_O)         1.411    11.411 r  clk_IBUF_inst/O
                         net (fo=1, routed)           1.920    13.331    clk_IBUF
    BUFGCTRL_X0Y16       BUFG (Prop_bufg_I_O)         0.091    13.422 r  clk_IBUF_BUFG_inst/O
                         net (fo=33, routed)          1.589    15.011    clk_IBUF_BUFG
    SLICE_X1Y104         FDCE                                         r  display_select_reg/C
                         clock pessimism              0.275    15.286    
                         clock uncertainty           -0.035    15.251    
    SLICE_X1Y104         FDCE (Setup_fdce_C_D)        0.029    15.280    display_select_reg
  -------------------------------------------------------------------
                         required time                         15.280    
                         arrival time                          -8.867    
  -------------------------------------------------------------------
                         slack                                  6.413    





Min Delay Paths
--------------------------------------------------------------------------------------
Slack (MET) :             0.288ns  (arrival time - required time)
  Source:                 display_select_reg/C
                            (rising edge-triggered cell FDCE clocked by sys_clk_pin  {rise@0.000ns fall@5.000ns period=10.000ns})
  Destination:            display_select_reg/D
                            (rising edge-triggered cell FDCE clocked by sys_clk_pin  {rise@0.000ns fall@5.000ns period=10.000ns})
  Path Group:             sys_clk_pin
  Path Type:              Hold (Min at Fast Process Corner)
  Requirement:            0.000ns  (sys_clk_pin rise@0.000ns - sys_clk_pin rise@0.000ns)
  Data Path Delay:        0.379ns  (logic 0.186ns (49.124%)  route 0.193ns (50.876%))
  Logic Levels:           1  (LUT2=1)
  Clock Path Skew:        0.000ns (DCD - SCD - CPR)
    Destination Clock Delay (DCD):    2.036ns
    Source Clock Delay      (SCD):    1.517ns
    Clock Pessimism Removal (CPR):    0.518ns

    Location             Delay type                Incr(ns)  Path(ns)    Netlist Resource(s)
  -------------------------------------------------------------------    -------------------
                         (clock sys_clk_pin rise edge)
                                                      0.000     0.000 r  
    E3                                                0.000     0.000 r  clk (IN)
                         net (fo=0)                   0.000     0.000    clk
    E3                   IBUF (Prop_ibuf_I_O)         0.250     0.250 r  clk_IBUF_inst/O
                         net (fo=1, routed)           0.644     0.894    clk_IBUF
    BUFGCTRL_X0Y16       BUFG (Prop_bufg_I_O)         0.026     0.920 r  clk_IBUF_BUFG_inst/O
                         net (fo=33, routed)          0.598     1.517    clk_IBUF_BUFG
    SLICE_X1Y104         FDCE                                         r  display_select_reg/C
  -------------------------------------------------------------------    -------------------
    SLICE_X1Y104         FDCE (Prop_fdce_C_Q)         0.141     1.658 r  display_select_reg/Q
                         net (fo=15, routed)          0.193     1.851    an_OBUF[0]
    SLICE_X1Y104         LUT2 (Prop_lut2_I1_O)        0.045     1.896 r  display_select_i_1/O
                         net (fo=1, routed)           0.000     1.896    display_select_i_1_n_0
    SLICE_X1Y104         FDCE                                         r  display_select_reg/D
  -------------------------------------------------------------------    -------------------

                         (clock sys_clk_pin rise edge)
                                                      0.000     0.000 r  
    E3                                                0.000     0.000 r  clk (IN)
                         net (fo=0)                   0.000     0.000    clk
    E3                   IBUF (Prop_ibuf_I_O)         0.438     0.438 r  clk_IBUF_inst/O
                         net (fo=1, routed)           0.699     1.136    clk_IBUF
    BUFGCTRL_X0Y16       BUFG (Prop_bufg_I_O)         0.029     1.165 r  clk_IBUF_BUFG_inst/O
                         net (fo=33, routed)          0.871     2.036    clk_IBUF_BUFG
    SLICE_X1Y104         FDCE                                         r  display_select_reg/C
                         clock pessimism             -0.518     1.517    
    SLICE_X1Y104         FDCE (Hold_fdce_C_D)         0.091     1.608    display_select_reg
  -------------------------------------------------------------------
                         required time                         -1.608    
                         arrival time                           1.896    
  -------------------------------------------------------------------
                         slack                                  0.288    

Slack (MET) :             0.328ns  (arrival time - required time)
  Source:                 refresh_counter_reg[0]/C
                            (rising edge-triggered cell FDCE clocked by sys_clk_pin  {rise@0.000ns fall@5.000ns period=10.000ns})
  Destination:            refresh_counter_reg[0]/D
                            (rising edge-triggered cell FDCE clocked by sys_clk_pin  {rise@0.000ns fall@5.000ns period=10.000ns})
  Path Group:             sys_clk_pin
  Path Type:              Hold (Min at Fast Process Corner)
  Requirement:            0.000ns  (sys_clk_pin rise@0.000ns - sys_clk_pin rise@0.000ns)
  Data Path Delay:        0.420ns  (logic 0.186ns (44.323%)  route 0.234ns (55.677%))
  Logic Levels:           1  (LUT1=1)
  Clock Path Skew:        0.000ns (DCD - SCD - CPR)
    Destination Clock Delay (DCD):    2.036ns
    Source Clock Delay      (SCD):    1.517ns
    Clock Pessimism Removal (CPR):    0.518ns

    Location             Delay type                Incr(ns)  Path(ns)    Netlist Resource(s)
  -------------------------------------------------------------------    -------------------
                         (clock sys_clk_pin rise edge)
                                                      0.000     0.000 r  
    E3                                                0.000     0.000 r  clk (IN)
                         net (fo=0)                   0.000     0.000    clk
    E3                   IBUF (Prop_ibuf_I_O)         0.250     0.250 r  clk_IBUF_inst/O
                         net (fo=1, routed)           0.644     0.894    clk_IBUF
    BUFGCTRL_X0Y16       BUFG (Prop_bufg_I_O)         0.026     0.920 r  clk_IBUF_BUFG_inst/O
                         net (fo=33, routed)          0.598     1.517    clk_IBUF_BUFG
    SLICE_X1Y104         FDCE                                         r  refresh_counter_reg[0]/C
  -------------------------------------------------------------------    -------------------
    SLICE_X1Y104         FDCE (Prop_fdce_C_Q)         0.141     1.658 f  refresh_counter_reg[0]/Q
                         net (fo=3, routed)           0.234     1.892    refresh_counter_reg_n_0_[0]
    SLICE_X1Y104         LUT1 (Prop_lut1_I0_O)        0.045     1.937 r  refresh_counter[0]_i_1/O
                         net (fo=1, routed)           0.000     1.937    refresh_counter[0]
    SLICE_X1Y104         FDCE                                         r  refresh_counter_reg[0]/D
  -------------------------------------------------------------------    -------------------

                         (clock sys_clk_pin rise edge)
                                                      0.000     0.000 r  
    E3                                                0.000     0.000 r  clk (IN)
                         net (fo=0)                   0.000     0.000    clk
    E3                   IBUF (Prop_ibuf_I_O)         0.438     0.438 r  clk_IBUF_inst/O
                         net (fo=1, routed)           0.699     1.136    clk_IBUF
    BUFGCTRL_X0Y16       BUFG (Prop_bufg_I_O)         0.029     1.165 r  clk_IBUF_BUFG_inst/O
                         net (fo=33, routed)          0.871     2.036    clk_IBUF_BUFG
    SLICE_X1Y104         FDCE                                         r  refresh_counter_reg[0]/C
                         clock pessimism             -0.518     1.517    
    SLICE_X1Y104         FDCE (Hold_fdce_C_D)         0.092     1.609    refresh_counter_reg[0]
  -------------------------------------------------------------------
                         required time                         -1.609    
                         arrival time                           1.937    
  -------------------------------------------------------------------
                         slack                                  0.328    

Slack (MET) :             0.498ns  (arrival time - required time)
  Source:                 refresh_counter_reg[7]/C
                            (rising edge-triggered cell FDCE clocked by sys_clk_pin  {rise@0.000ns fall@5.000ns period=10.000ns})
  Destination:            refresh_counter_reg[7]/D
                            (rising edge-triggered cell FDCE clocked by sys_clk_pin  {rise@0.000ns fall@5.000ns period=10.000ns})
  Path Group:             sys_clk_pin
  Path Type:              Hold (Min at Fast Process Corner)
  Requirement:            0.000ns  (sys_clk_pin rise@0.000ns - sys_clk_pin rise@0.000ns)
  Data Path Delay:        0.590ns  (logic 0.360ns (60.972%)  route 0.230ns (39.028%))
  Logic Levels:           2  (CARRY4=1 LUT2=1)
  Clock Path Skew:        0.000ns (DCD - SCD - CPR)
    Destination Clock Delay (DCD):    2.036ns
    Source Clock Delay      (SCD):    1.517ns
    Clock Pessimism Removal (CPR):    0.518ns

    Location             Delay type                Incr(ns)  Path(ns)    Netlist Resource(s)
  -------------------------------------------------------------------    -------------------
                         (clock sys_clk_pin rise edge)
                                                      0.000     0.000 r  
    E3                                                0.000     0.000 r  clk (IN)
                         net (fo=0)                   0.000     0.000    clk
    E3                   IBUF (Prop_ibuf_I_O)         0.250     0.250 r  clk_IBUF_inst/O
                         net (fo=1, routed)           0.644     0.894    clk_IBUF
    BUFGCTRL_X0Y16       BUFG (Prop_bufg_I_O)         0.026     0.920 r  clk_IBUF_BUFG_inst/O
                         net (fo=33, routed)          0.598     1.517    clk_IBUF_BUFG
    SLICE_X1Y105         FDCE                                         r  refresh_counter_reg[7]/C
  -------------------------------------------------------------------    -------------------
    SLICE_X1Y105         FDCE (Prop_fdce_C_Q)         0.141     1.658 r  refresh_counter_reg[7]/Q
                         net (fo=2, routed)           0.069     1.728    refresh_counter_reg_n_0_[7]
    SLICE_X0Y105         CARRY4 (Prop_carry4_S[2]_O[2])
                                                      0.111     1.839 r  refresh_counter_reg[8]_i_2/O[2]
                         net (fo=1, routed)           0.161     2.000    data0[7]
    SLICE_X1Y105         LUT2 (Prop_lut2_I1_O)        0.108     2.108 r  refresh_counter[7]_i_1/O
                         net (fo=1, routed)           0.000     2.108    refresh_counter[7]
    SLICE_X1Y105         FDCE                                         r  refresh_counter_reg[7]/D
  -------------------------------------------------------------------    -------------------

                         (clock sys_clk_pin rise edge)
                                                      0.000     0.000 r  
    E3                                                0.000     0.000 r  clk (IN)
                         net (fo=0)                   0.000     0.000    clk
    E3                   IBUF (Prop_ibuf_I_O)         0.438     0.438 r  clk_IBUF_inst/O
                         net (fo=1, routed)           0.699     1.136    clk_IBUF
    BUFGCTRL_X0Y16       BUFG (Prop_bufg_I_O)         0.029     1.165 r  clk_IBUF_BUFG_inst/O
                         net (fo=33, routed)          0.871     2.036    clk_IBUF_BUFG
    SLICE_X1Y105         FDCE                                         r  refresh_counter_reg[7]/C
                         clock pessimism             -0.518     1.517    
    SLICE_X1Y105         FDCE (Hold_fdce_C_D)         0.092     1.609    refresh_counter_reg[7]
  -------------------------------------------------------------------
                         required time                         -1.609    
                         arrival time                           2.108    
  -------------------------------------------------------------------
                         slack                                  0.498    

Slack (MET) :             0.518ns  (arrival time - required time)
  Source:                 refresh_counter_reg[3]/C
                            (rising edge-triggered cell FDCE clocked by sys_clk_pin  {rise@0.000ns fall@5.000ns period=10.000ns})
  Destination:            refresh_counter_reg[13]/D
                            (rising edge-triggered cell FDCE clocked by sys_clk_pin  {rise@0.000ns fall@5.000ns period=10.000ns})
  Path Group:             sys_clk_pin
  Path Type:              Hold (Min at Fast Process Corner)
  Requirement:            0.000ns  (sys_clk_pin rise@0.000ns - sys_clk_pin rise@0.000ns)
  Data Path Delay:        0.641ns  (logic 0.274ns (42.751%)  route 0.367ns (57.249%))
  Logic Levels:           2  (LUT2=1 LUT6=1)
  Clock Path Skew:        0.016ns (DCD - SCD - CPR)
    Destination Clock Delay (DCD):    2.036ns
    Source Clock Delay      (SCD):    1.517ns
    Clock Pessimism Removal (CPR):    0.502ns

    Location             Delay type                Incr(ns)  Path(ns)    Netlist Resource(s)
  -------------------------------------------------------------------    -------------------
                         (clock sys_clk_pin rise edge)
                                                      0.000     0.000 r  
    E3                                                0.000     0.000 r  clk (IN)
                         net (fo=0)                   0.000     0.000    clk
    E3                   IBUF (Prop_ibuf_I_O)         0.250     0.250 r  clk_IBUF_inst/O
                         net (fo=1, routed)           0.644     0.894    clk_IBUF
    BUFGCTRL_X0Y16       BUFG (Prop_bufg_I_O)         0.026     0.920 r  clk_IBUF_BUFG_inst/O
                         net (fo=33, routed)          0.598     1.517    clk_IBUF_BUFG
    SLICE_X1Y104         FDCE                                         r  refresh_counter_reg[3]/C
  -------------------------------------------------------------------    -------------------
    SLICE_X1Y104         FDCE (Prop_fdce_C_Q)         0.128     1.645 f  refresh_counter_reg[3]/Q
                         net (fo=2, routed)           0.103     1.749    refresh_counter_reg_n_0_[3]
    SLICE_X1Y104         LUT6 (Prop_lut6_I3_O)        0.098     1.847 r  refresh_counter[15]_i_2/O
                         net (fo=16, routed)          0.264     2.110    refresh_counter[15]_i_2_n_0
    SLICE_X1Y106         LUT2 (Prop_lut2_I0_O)        0.048     2.158 r  refresh_counter[13]_i_1/O
                         net (fo=1, routed)           0.000     2.158    refresh_counter[13]
    SLICE_X1Y106         FDCE                                         r  refresh_counter_reg[13]/D
  -------------------------------------------------------------------    -------------------

                         (clock sys_clk_pin rise edge)
                                                      0.000     0.000 r  
    E3                                                0.000     0.000 r  clk (IN)
                         net (fo=0)                   0.000     0.000    clk
    E3                   IBUF (Prop_ibuf_I_O)         0.438     0.438 r  clk_IBUF_inst/O
                         net (fo=1, routed)           0.699     1.136    clk_IBUF
    BUFGCTRL_X0Y16       BUFG (Prop_bufg_I_O)         0.029     1.165 r  clk_IBUF_BUFG_inst/O
                         net (fo=33, routed)          0.871     2.036    clk_IBUF_BUFG
    SLICE_X1Y106         FDCE                                         r  refresh_counter_reg[13]/C
                         clock pessimism             -0.502     1.533    
    SLICE_X1Y106         FDCE (Hold_fdce_C_D)         0.107     1.640    refresh_counter_reg[13]
  -------------------------------------------------------------------
                         required time                         -1.640    
                         arrival time                           2.158    
  -------------------------------------------------------------------
                         slack                                  0.518    

Slack (MET) :             0.520ns  (arrival time - required time)
  Source:                 refresh_counter_reg[3]/C
                            (rising edge-triggered cell FDCE clocked by sys_clk_pin  {rise@0.000ns fall@5.000ns period=10.000ns})
  Destination:            refresh_counter_reg[9]/D
                            (rising edge-triggered cell FDCE clocked by sys_clk_pin  {rise@0.000ns fall@5.000ns period=10.000ns})
  Path Group:             sys_clk_pin
  Path Type:              Hold (Min at Fast Process Corner)
  Requirement:            0.000ns  (sys_clk_pin rise@0.000ns - sys_clk_pin rise@0.000ns)
  Data Path Delay:        0.643ns  (logic 0.275ns (42.774%)  route 0.368ns (57.226%))
  Logic Levels:           2  (LUT2=1 LUT6=1)
  Clock Path Skew:        0.016ns (DCD - SCD - CPR)
    Destination Clock Delay (DCD):    2.036ns
    Source Clock Delay      (SCD):    1.517ns
    Clock Pessimism Removal (CPR):    0.502ns

    Location             Delay type                Incr(ns)  Path(ns)    Netlist Resource(s)
  -------------------------------------------------------------------    -------------------
                         (clock sys_clk_pin rise edge)
                                                      0.000     0.000 r  
    E3                                                0.000     0.000 r  clk (IN)
                         net (fo=0)                   0.000     0.000    clk
    E3                   IBUF (Prop_ibuf_I_O)         0.250     0.250 r  clk_IBUF_inst/O
                         net (fo=1, routed)           0.644     0.894    clk_IBUF
    BUFGCTRL_X0Y16       BUFG (Prop_bufg_I_O)         0.026     0.920 r  clk_IBUF_BUFG_inst/O
                         net (fo=33, routed)          0.598     1.517    clk_IBUF_BUFG
    SLICE_X1Y104         FDCE                                         r  refresh_counter_reg[3]/C
  -------------------------------------------------------------------    -------------------
    SLICE_X1Y104         FDCE (Prop_fdce_C_Q)         0.128     1.645 f  refresh_counter_reg[3]/Q
                         net (fo=2, routed)           0.103     1.749    refresh_counter_reg_n_0_[3]
    SLICE_X1Y104         LUT6 (Prop_lut6_I3_O)        0.098     1.847 r  refresh_counter[15]_i_2/O
                         net (fo=16, routed)          0.265     2.111    refresh_counter[15]_i_2_n_0
    SLICE_X1Y106         LUT2 (Prop_lut2_I0_O)        0.049     2.160 r  refresh_counter[9]_i_1/O
                         net (fo=1, routed)           0.000     2.160    refresh_counter[9]
    SLICE_X1Y106         FDCE                                         r  refresh_counter_reg[9]/D
  -------------------------------------------------------------------    -------------------

                         (clock sys_clk_pin rise edge)
                                                      0.000     0.000 r  
    E3                                                0.000     0.000 r  clk (IN)
                         net (fo=0)                   0.000     0.000    clk
    E3                   IBUF (Prop_ibuf_I_O)         0.438     0.438 r  clk_IBUF_inst/O
                         net (fo=1, routed)           0.699     1.136    clk_IBUF
    BUFGCTRL_X0Y16       BUFG (Prop_bufg_I_O)         0.029     1.165 r  clk_IBUF_BUFG_inst/O
                         net (fo=33, routed)          0.871     2.036    clk_IBUF_BUFG
    SLICE_X1Y106         FDCE                                         r  refresh_counter_reg[9]/C
                         clock pessimism             -0.502     1.533    
    SLICE_X1Y106         FDCE (Hold_fdce_C_D)         0.107     1.640    refresh_counter_reg[9]
  -------------------------------------------------------------------
                         required time                         -1.640    
                         arrival time                           2.160    
  -------------------------------------------------------------------
                         slack                                  0.520    

Slack (MET) :             0.531ns  (arrival time - required time)
  Source:                 refresh_counter_reg[3]/C
                            (rising edge-triggered cell FDCE clocked by sys_clk_pin  {rise@0.000ns fall@5.000ns period=10.000ns})
  Destination:            refresh_counter_reg[10]/D
                            (rising edge-triggered cell FDCE clocked by sys_clk_pin  {rise@0.000ns fall@5.000ns period=10.000ns})
  Path Group:             sys_clk_pin
  Path Type:              Hold (Min at Fast Process Corner)
  Requirement:            0.000ns  (sys_clk_pin rise@0.000ns - sys_clk_pin rise@0.000ns)
  Data Path Delay:        0.638ns  (logic 0.271ns (42.482%)  route 0.367ns (57.518%))
  Logic Levels:           2  (LUT2=1 LUT6=1)
  Clock Path Skew:        0.016ns (DCD - SCD - CPR)
    Destination Clock Delay (DCD):    2.036ns
    Source Clock Delay      (SCD):    1.517ns
    Clock Pessimism Removal (CPR):    0.502ns

    Location             Delay type                Incr(ns)  Path(ns)    Netlist Resource(s)
  -------------------------------------------------------------------    -------------------
                         (clock sys_clk_pin rise edge)
                                                      0.000     0.000 r  
    E3                                                0.000     0.000 r  clk (IN)
                         net (fo=0)                   0.000     0.000    clk
    E3                   IBUF (Prop_ibuf_I_O)         0.250     0.250 r  clk_IBUF_inst/O
                         net (fo=1, routed)           0.644     0.894    clk_IBUF
    BUFGCTRL_X0Y16       BUFG (Prop_bufg_I_O)         0.026     0.920 r  clk_IBUF_BUFG_inst/O
                         net (fo=33, routed)          0.598     1.517    clk_IBUF_BUFG
    SLICE_X1Y104         FDCE                                         r  refresh_counter_reg[3]/C
  -------------------------------------------------------------------    -------------------
    SLICE_X1Y104         FDCE (Prop_fdce_C_Q)         0.128     1.645 f  refresh_counter_reg[3]/Q
                         net (fo=2, routed)           0.103     1.749    refresh_counter_reg_n_0_[3]
    SLICE_X1Y104         LUT6 (Prop_lut6_I3_O)        0.098     1.847 r  refresh_counter[15]_i_2/O
                         net (fo=16, routed)          0.264     2.110    refresh_counter[15]_i_2_n_0
    SLICE_X1Y106         LUT2 (Prop_lut2_I0_O)        0.045     2.155 r  refresh_counter[10]_i_1/O
                         net (fo=1, routed)           0.000     2.155    refresh_counter[10]
    SLICE_X1Y106         FDCE                                         r  refresh_counter_reg[10]/D
  -------------------------------------------------------------------    -------------------

                         (clock sys_clk_pin rise edge)
                                                      0.000     0.000 r  
    E3                                                0.000     0.000 r  clk (IN)
                         net (fo=0)                   0.000     0.000    clk
    E3                   IBUF (Prop_ibuf_I_O)         0.438     0.438 r  clk_IBUF_inst/O
                         net (fo=1, routed)           0.699     1.136    clk_IBUF
    BUFGCTRL_X0Y16       BUFG (Prop_bufg_I_O)         0.029     1.165 r  clk_IBUF_BUFG_inst/O
                         net (fo=33, routed)          0.871     2.036    clk_IBUF_BUFG
    SLICE_X1Y106         FDCE                                         r  refresh_counter_reg[10]/C
                         clock pessimism             -0.502     1.533    
    SLICE_X1Y106         FDCE (Hold_fdce_C_D)         0.091     1.624    refresh_counter_reg[10]
  -------------------------------------------------------------------
                         required time                         -1.624    
                         arrival time                           2.155    
  -------------------------------------------------------------------
                         slack                                  0.531    

Slack (MET) :             0.531ns  (arrival time - required time)
  Source:                 refresh_counter_reg[3]/C
                            (rising edge-triggered cell FDCE clocked by sys_clk_pin  {rise@0.000ns fall@5.000ns period=10.000ns})
  Destination:            refresh_counter_reg[6]/D
                            (rising edge-triggered cell FDCE clocked by sys_clk_pin  {rise@0.000ns fall@5.000ns period=10.000ns})
  Path Group:             sys_clk_pin
  Path Type:              Hold (Min at Fast Process Corner)
  Requirement:            0.000ns  (sys_clk_pin rise@0.000ns - sys_clk_pin rise@0.000ns)
  Data Path Delay:        0.639ns  (logic 0.271ns (42.415%)  route 0.368ns (57.585%))
  Logic Levels:           2  (LUT2=1 LUT6=1)
  Clock Path Skew:        0.016ns (DCD - SCD - CPR)
    Destination Clock Delay (DCD):    2.036ns
    Source Clock Delay      (SCD):    1.517ns
    Clock Pessimism Removal (CPR):    0.502ns

    Location             Delay type                Incr(ns)  Path(ns)    Netlist Resource(s)
  -------------------------------------------------------------------    -------------------
                         (clock sys_clk_pin rise edge)
                                                      0.000     0.000 r  
    E3                                                0.000     0.000 r  clk (IN)
                         net (fo=0)                   0.000     0.000    clk
    E3                   IBUF (Prop_ibuf_I_O)         0.250     0.250 r  clk_IBUF_inst/O
                         net (fo=1, routed)           0.644     0.894    clk_IBUF
    BUFGCTRL_X0Y16       BUFG (Prop_bufg_I_O)         0.026     0.920 r  clk_IBUF_BUFG_inst/O
                         net (fo=33, routed)          0.598     1.517    clk_IBUF_BUFG
    SLICE_X1Y104         FDCE                                         r  refresh_counter_reg[3]/C
  -------------------------------------------------------------------    -------------------
    SLICE_X1Y104         FDCE (Prop_fdce_C_Q)         0.128     1.645 f  refresh_counter_reg[3]/Q
                         net (fo=2, routed)           0.103     1.749    refresh_counter_reg_n_0_[3]
    SLICE_X1Y104         LUT6 (Prop_lut6_I3_O)        0.098     1.847 r  refresh_counter[15]_i_2/O
                         net (fo=16, routed)          0.265     2.111    refresh_counter[15]_i_2_n_0
    SLICE_X1Y106         LUT2 (Prop_lut2_I0_O)        0.045     2.156 r  refresh_counter[6]_i_1/O
                         net (fo=1, routed)           0.000     2.156    refresh_counter[6]
    SLICE_X1Y106         FDCE                                         r  refresh_counter_reg[6]/D
  -------------------------------------------------------------------    -------------------

                         (clock sys_clk_pin rise edge)
                                                      0.000     0.000 r  
    E3                                                0.000     0.000 r  clk (IN)
                         net (fo=0)                   0.000     0.000    clk
    E3                   IBUF (Prop_ibuf_I_O)         0.438     0.438 r  clk_IBUF_inst/O
                         net (fo=1, routed)           0.699     1.136    clk_IBUF
    BUFGCTRL_X0Y16       BUFG (Prop_bufg_I_O)         0.029     1.165 r  clk_IBUF_BUFG_inst/O
                         net (fo=33, routed)          0.871     2.036    clk_IBUF_BUFG
    SLICE_X1Y106         FDCE                                         r  refresh_counter_reg[6]/C
                         clock pessimism             -0.502     1.533    
    SLICE_X1Y106         FDCE (Hold_fdce_C_D)         0.092     1.625    refresh_counter_reg[6]
  -------------------------------------------------------------------
                         required time                         -1.625    
                         arrival time                           2.156    
  -------------------------------------------------------------------
                         slack                                  0.531    

Slack (MET) :             0.534ns  (arrival time - required time)
  Source:                 refresh_counter_reg[3]/C
                            (rising edge-triggered cell FDCE clocked by sys_clk_pin  {rise@0.000ns fall@5.000ns period=10.000ns})
  Destination:            refresh_counter_reg[1]/D
                            (rising edge-triggered cell FDCE clocked by sys_clk_pin  {rise@0.000ns fall@5.000ns period=10.000ns})
  Path Group:             sys_clk_pin
  Path Type:              Hold (Min at Fast Process Corner)
  Requirement:            0.000ns  (sys_clk_pin rise@0.000ns - sys_clk_pin rise@0.000ns)
  Data Path Delay:        0.641ns  (logic 0.270ns (42.118%)  route 0.371ns (57.882%))
  Logic Levels:           2  (LUT2=1 LUT6=1)
  Clock Path Skew:        0.000ns (DCD - SCD - CPR)
    Destination Clock Delay (DCD):    2.036ns
    Source Clock Delay      (SCD):    1.517ns
    Clock Pessimism Removal (CPR):    0.518ns

    Location             Delay type                Incr(ns)  Path(ns)    Netlist Resource(s)
  -------------------------------------------------------------------    -------------------
                         (clock sys_clk_pin rise edge)
                                                      0.000     0.000 r  
    E3                                                0.000     0.000 r  clk (IN)
                         net (fo=0)                   0.000     0.000    clk
    E3                   IBUF (Prop_ibuf_I_O)         0.250     0.250 r  clk_IBUF_inst/O
                         net (fo=1, routed)           0.644     0.894    clk_IBUF
    BUFGCTRL_X0Y16       BUFG (Prop_bufg_I_O)         0.026     0.920 r  clk_IBUF_BUFG_inst/O
                         net (fo=33, routed)          0.598     1.517    clk_IBUF_BUFG
    SLICE_X1Y104         FDCE                                         r  refresh_counter_reg[3]/C
  -------------------------------------------------------------------    -------------------
    SLICE_X1Y104         FDCE (Prop_fdce_C_Q)         0.128     1.645 f  refresh_counter_reg[3]/Q
                         net (fo=2, routed)           0.103     1.749    refresh_counter_reg_n_0_[3]
    SLICE_X1Y104         LUT6 (Prop_lut6_I3_O)        0.098     1.847 r  refresh_counter[15]_i_2/O
                         net (fo=16, routed)          0.268     2.114    refresh_counter[15]_i_2_n_0
    SLICE_X1Y104         LUT2 (Prop_lut2_I0_O)        0.044     2.158 r  refresh_counter[1]_i_1/O
                         net (fo=1, routed)           0.000     2.158    refresh_counter[1]
    SLICE_X1Y104         FDCE                                         r  refresh_counter_reg[1]/D
  -------------------------------------------------------------------    -------------------

                         (clock sys_clk_pin rise edge)
                                                      0.000     0.000 r  
    E3                                                0.000     0.000 r  clk (IN)
                         net (fo=0)                   0.000     0.000    clk
    E3                   IBUF (Prop_ibuf_I_O)         0.438     0.438 r  clk_IBUF_inst/O
                         net (fo=1, routed)           0.699     1.136    clk_IBUF
    BUFGCTRL_X0Y16       BUFG (Prop_bufg_I_O)         0.029     1.165 r  clk_IBUF_BUFG_inst/O
                         net (fo=33, routed)          0.871     2.036    clk_IBUF_BUFG
    SLICE_X1Y104         FDCE                                         r  refresh_counter_reg[1]/C
                         clock pessimism             -0.518     1.517    
    SLICE_X1Y104         FDCE (Hold_fdce_C_D)         0.107     1.624    refresh_counter_reg[1]
  -------------------------------------------------------------------
                         required time                         -1.624    
                         arrival time                           2.158    
  -------------------------------------------------------------------
                         slack                                  0.534    

Slack (MET) :             0.534ns  (arrival time - required time)
  Source:                 refresh_counter_reg[3]/C
                            (rising edge-triggered cell FDCE clocked by sys_clk_pin  {rise@0.000ns fall@5.000ns period=10.000ns})
  Destination:            refresh_counter_reg[3]/D
                            (rising edge-triggered cell FDCE clocked by sys_clk_pin  {rise@0.000ns fall@5.000ns period=10.000ns})
  Path Group:             sys_clk_pin
  Path Type:              Hold (Min at Fast Process Corner)
  Requirement:            0.000ns  (sys_clk_pin rise@0.000ns - sys_clk_pin rise@0.000ns)
  Data Path Delay:        0.641ns  (logic 0.271ns (42.274%)  route 0.370ns (57.726%))
  Logic Levels:           2  (LUT2=1 LUT6=1)
  Clock Path Skew:        0.000ns (DCD - SCD - CPR)
    Destination Clock Delay (DCD):    2.036ns
    Source Clock Delay      (SCD):    1.517ns
    Clock Pessimism Removal (CPR):    0.518ns

    Location             Delay type                Incr(ns)  Path(ns)    Netlist Resource(s)
  -------------------------------------------------------------------    -------------------
                         (clock sys_clk_pin rise edge)
                                                      0.000     0.000 r  
    E3                                                0.000     0.000 r  clk (IN)
                         net (fo=0)                   0.000     0.000    clk
    E3                   IBUF (Prop_ibuf_I_O)         0.250     0.250 r  clk_IBUF_inst/O
                         net (fo=1, routed)           0.644     0.894    clk_IBUF
    BUFGCTRL_X0Y16       BUFG (Prop_bufg_I_O)         0.026     0.920 r  clk_IBUF_BUFG_inst/O
                         net (fo=33, routed)          0.598     1.517    clk_IBUF_BUFG
    SLICE_X1Y104         FDCE                                         r  refresh_counter_reg[3]/C
  -------------------------------------------------------------------    -------------------
    SLICE_X1Y104         FDCE (Prop_fdce_C_Q)         0.128     1.645 f  refresh_counter_reg[3]/Q
                         net (fo=2, routed)           0.103     1.749    refresh_counter_reg_n_0_[3]
    SLICE_X1Y104         LUT6 (Prop_lut6_I3_O)        0.098     1.847 r  refresh_counter[15]_i_2/O
                         net (fo=16, routed)          0.267     2.113    refresh_counter[15]_i_2_n_0
    SLICE_X1Y104         LUT2 (Prop_lut2_I0_O)        0.045     2.158 r  refresh_counter[3]_i_1/O
                         net (fo=1, routed)           0.000     2.158    refresh_counter[3]
    SLICE_X1Y104         FDCE                                         r  refresh_counter_reg[3]/D
  -------------------------------------------------------------------    -------------------

                         (clock sys_clk_pin rise edge)
                                                      0.000     0.000 r  
    E3                                                0.000     0.000 r  clk (IN)
                         net (fo=0)                   0.000     0.000    clk
    E3                   IBUF (Prop_ibuf_I_O)         0.438     0.438 r  clk_IBUF_inst/O
                         net (fo=1, routed)           0.699     1.136    clk_IBUF
    BUFGCTRL_X0Y16       BUFG (Prop_bufg_I_O)         0.029     1.165 r  clk_IBUF_BUFG_inst/O
                         net (fo=33, routed)          0.871     2.036    clk_IBUF_BUFG
    SLICE_X1Y104         FDCE                                         r  refresh_counter_reg[3]/C
                         clock pessimism             -0.518     1.517    
    SLICE_X1Y104         FDCE (Hold_fdce_C_D)         0.107     1.624    refresh_counter_reg[3]
  -------------------------------------------------------------------
                         required time                         -1.624    
                         arrival time                           2.158    
  -------------------------------------------------------------------
                         slack                                  0.534    

Slack (MET) :             0.536ns  (arrival time - required time)
  Source:                 refresh_counter_reg[3]/C
                            (rising edge-triggered cell FDCE clocked by sys_clk_pin  {rise@0.000ns fall@5.000ns period=10.000ns})
  Destination:            refresh_counter_reg[12]/D
                            (rising edge-triggered cell FDCE clocked by sys_clk_pin  {rise@0.000ns fall@5.000ns period=10.000ns})
  Path Group:             sys_clk_pin
  Path Type:              Hold (Min at Fast Process Corner)
  Requirement:            0.000ns  (sys_clk_pin rise@0.000ns - sys_clk_pin rise@0.000ns)
  Data Path Delay:        0.683ns  (logic 0.269ns (39.387%)  route 0.414ns (60.613%))
  Logic Levels:           2  (LUT2=1 LUT6=1)
  Clock Path Skew:        0.016ns (DCD - SCD - CPR)
    Destination Clock Delay (DCD):    2.036ns
    Source Clock Delay      (SCD):    1.517ns
    Clock Pessimism Removal (CPR):    0.502ns

    Location             Delay type                Incr(ns)  Path(ns)    Netlist Resource(s)
  -------------------------------------------------------------------    -------------------
                         (clock sys_clk_pin rise edge)
                                                      0.000     0.000 r  
    E3                                                0.000     0.000 r  clk (IN)
                         net (fo=0)                   0.000     0.000    clk
    E3                   IBUF (Prop_ibuf_I_O)         0.250     0.250 r  clk_IBUF_inst/O
                         net (fo=1, routed)           0.644     0.894    clk_IBUF
    BUFGCTRL_X0Y16       BUFG (Prop_bufg_I_O)         0.026     0.920 r  clk_IBUF_BUFG_inst/O
                         net (fo=33, routed)          0.598     1.517    clk_IBUF_BUFG
    SLICE_X1Y104         FDCE                                         r  refresh_counter_reg[3]/C
  -------------------------------------------------------------------    -------------------
    SLICE_X1Y104         FDCE (Prop_fdce_C_Q)         0.128     1.645 f  refresh_counter_reg[3]/Q
                         net (fo=2, routed)           0.103     1.749    refresh_counter_reg_n_0_[3]
    SLICE_X1Y104         LUT6 (Prop_lut6_I3_O)        0.098     1.847 r  refresh_counter[15]_i_2/O
                         net (fo=16, routed)          0.311     2.157    refresh_counter[15]_i_2_n_0
    SLICE_X2Y106         LUT2 (Prop_lut2_I0_O)        0.043     2.200 r  refresh_counter[12]_i_1/O
                         net (fo=1, routed)           0.000     2.200    refresh_counter[12]
    SLICE_X2Y106         FDCE                                         r  refresh_counter_reg[12]/D
  -------------------------------------------------------------------    -------------------

                         (clock sys_clk_pin rise edge)
                                                      0.000     0.000 r  
    E3                                                0.000     0.000 r  clk (IN)
                         net (fo=0)                   0.000     0.000    clk
    E3                   IBUF (Prop_ibuf_I_O)         0.438     0.438 r  clk_IBUF_inst/O
                         net (fo=1, routed)           0.699     1.136    clk_IBUF
    BUFGCTRL_X0Y16       BUFG (Prop_bufg_I_O)         0.029     1.165 r  clk_IBUF_BUFG_inst/O
                         net (fo=33, routed)          0.871     2.036    clk_IBUF_BUFG
    SLICE_X2Y106         FDCE                                         r  refresh_counter_reg[12]/C
                         clock pessimism             -0.502     1.533    
    SLICE_X2Y106         FDCE (Hold_fdce_C_D)         0.131     1.664    refresh_counter_reg[12]
  -------------------------------------------------------------------
                         required time                         -1.664    
                         arrival time                           2.200    
  -------------------------------------------------------------------
                         slack                                  0.536    





Pulse Width Checks
--------------------------------------------------------------------------------------
Clock Name:         sys_clk_pin
Waveform(ns):       { 0.000 5.000 }
Period(ns):         10.000
Sources:            { clk }

Check Type        Corner  Lib Pin  Reference Pin  Required(ns)  Actual(ns)  Slack(ns)  Location        Pin
Min Period        n/a     BUFG/I   n/a            2.155         10.000      7.845      BUFGCTRL_X0Y16  clk_IBUF_BUFG_inst/I
Min Period        n/a     FDCE/C   n/a            1.000         10.000      9.000      SLICE_X1Y104    display_select_reg/C
Min Period        n/a     FDCE/C   n/a            1.000         10.000      9.000      SLICE_X1Y104    refresh_counter_reg[0]/C
Min Period        n/a     FDCE/C   n/a            1.000         10.000      9.000      SLICE_X1Y106    refresh_counter_reg[10]/C
Min Period        n/a     FDCE/C   n/a            1.000         10.000      9.000      SLICE_X2Y106    refresh_counter_reg[11]/C
Min Period        n/a     FDCE/C   n/a            1.000         10.000      9.000      SLICE_X2Y106    refresh_counter_reg[12]/C
Min Period        n/a     FDCE/C   n/a            1.000         10.000      9.000      SLICE_X1Y106    refresh_counter_reg[13]/C
Min Period        n/a     FDCE/C   n/a            1.000         10.000      9.000      SLICE_X1Y107    refresh_counter_reg[14]/C
Min Period        n/a     FDCE/C   n/a            1.000         10.000      9.000      SLICE_X1Y107    refresh_counter_reg[15]/C
Min Period        n/a     FDCE/C   n/a            1.000         10.000      9.000      SLICE_X1Y104    refresh_counter_reg[1]/C
Low Pulse Width   Slow    FDCE/C   n/a            0.500         5.000       4.500      SLICE_X1Y104    display_select_reg/C
Low Pulse Width   Fast    FDCE/C   n/a            0.500         5.000       4.500      SLICE_X1Y104    display_select_reg/C
Low Pulse Width   Slow    FDCE/C   n/a            0.500         5.000       4.500      SLICE_X1Y104    refresh_counter_reg[0]/C
Low Pulse Width   Fast    FDCE/C   n/a            0.500         5.000       4.500      SLICE_X1Y104    refresh_counter_reg[0]/C
Low Pulse Width   Slow    FDCE/C   n/a            0.500         5.000       4.500      SLICE_X1Y106    refresh_counter_reg[10]/C
Low Pulse Width   Fast    FDCE/C   n/a            0.500         5.000       4.500      SLICE_X1Y106    refresh_counter_reg[10]/C
Low Pulse Width   Slow    FDCE/C   n/a            0.500         5.000       4.500      SLICE_X2Y106    refresh_counter_reg[11]/C
Low Pulse Width   Fast    FDCE/C   n/a            0.500         5.000       4.500      SLICE_X2Y106    refresh_counter_reg[11]/C
Low Pulse Width   Slow    FDCE/C   n/a            0.500         5.000       4.500      SLICE_X2Y106    refresh_counter_reg[12]/C
Low Pulse Width   Fast    FDCE/C   n/a            0.500         5.000       4.500      SLICE_X2Y106    refresh_counter_reg[12]/C
High Pulse Width  Slow    FDCE/C   n/a            0.500         5.000       4.500      SLICE_X1Y104    display_select_reg/C
High Pulse Width  Fast    FDCE/C   n/a            0.500         5.000       4.500      SLICE_X1Y104    display_select_reg/C
High Pulse Width  Slow    FDCE/C   n/a            0.500         5.000       4.500      SLICE_X1Y104    refresh_counter_reg[0]/C
High Pulse Width  Fast    FDCE/C   n/a            0.500         5.000       4.500      SLICE_X1Y104    refresh_counter_reg[0]/C
High Pulse Width  Slow    FDCE/C   n/a            0.500         5.000       4.500      SLICE_X1Y106    refresh_counter_reg[10]/C
High Pulse Width  Fast    FDCE/C   n/a            0.500         5.000       4.500      SLICE_X1Y106    refresh_counter_reg[10]/C
High Pulse Width  Slow    FDCE/C   n/a            0.500         5.000       4.500      SLICE_X2Y106    refresh_counter_reg[11]/C
High Pulse Width  Fast    FDCE/C   n/a            0.500         5.000       4.500      SLICE_X2Y106    refresh_counter_reg[11]/C
High Pulse Width  Slow    FDCE/C   n/a            0.500         5.000       4.500      SLICE_X2Y106    refresh_counter_reg[12]/C
High Pulse Width  Fast    FDCE/C   n/a            0.500         5.000       4.500      SLICE_X2Y106    refresh_counter_reg[12]/C



--------------------------------------------------------------------------------------
Path Group:  (none)
From Clock:  sys_clk_pin
  To Clock:  

Max Delay            17 Endpoints
Min Delay            17 Endpoints
--------------------------------------------------------------------------------------


Max Delay Paths
--------------------------------------------------------------------------------------
Slack:                    inf
  Source:                 RESULT_REG/q_reg[5]/C
                            (rising edge-triggered cell FDCE clocked by sys_clk_pin  {rise@0.000ns fall@5.000ns period=10.000ns})
  Destination:            seg[1]
                            (output port)
  Path Group:             (none)
  Path Type:              Max at Slow Process Corner
  Data Path Delay:        26.262ns  (logic 11.640ns (44.324%)  route 14.622ns (55.676%))
  Logic Levels:           27  (CARRY4=16 LUT2=2 LUT4=1 LUT5=2 LUT6=5 OBUF=1)
  Clock Uncertainty:      0.025ns  ((TSJ^2 + TIJ^2)^1/2 + DJ) / 2 + PE
    Total System Jitter     (TSJ):    0.050ns
    Total Input Jitter      (TIJ):    0.000ns
    Discrete Jitter          (DJ):    0.000ns
    Phase Error              (PE):    0.000ns

    Location             Delay type                Incr(ns)  Path(ns)    Netlist Resource(s)
  -------------------------------------------------------------------    -------------------
                         (clock sys_clk_pin rise edge)
                                                      0.000     0.000 r  
    E3                                                0.000     0.000 r  clk (IN)
                         net (fo=0)                   0.000     0.000    clk
    E3                   IBUF (Prop_ibuf_I_O)         1.482     1.482 r  clk_IBUF_inst/O
                         net (fo=1, routed)           2.025     3.506    clk_IBUF
    BUFGCTRL_X0Y16       BUFG (Prop_bufg_I_O)         0.096     3.602 r  clk_IBUF_BUFG_inst/O
                         net (fo=33, routed)          1.725     5.328    RESULT_REG/CLK
    SLICE_X0Y95          FDCE                                         r  RESULT_REG/q_reg[5]/C
  -------------------------------------------------------------------    -------------------
    SLICE_X0Y95          FDCE (Prop_fdce_C_Q)         0.456     5.784 r  RESULT_REG/q_reg[5]/Q
                         net (fo=27, routed)          1.656     7.439    BCD_CONV/Q[5]
    SLICE_X5Y96          CARRY4 (Prop_carry4_DI[1]_CO[3])
                                                      0.507     7.946 r  BCD_CONV/tens1__54_carry/CO[3]
                         net (fo=1, routed)           0.000     7.946    BCD_CONV/tens1__54_carry_n_0
    SLICE_X5Y97          CARRY4 (Prop_carry4_CI_CO[3])
                                                      0.114     8.060 r  BCD_CONV/tens1__54_carry__0/CO[3]
                         net (fo=1, routed)           0.000     8.060    BCD_CONV/tens1__54_carry__0_n_0
    SLICE_X5Y98          CARRY4 (Prop_carry4_CI_CO[3])
                                                      0.114     8.174 r  BCD_CONV/tens1__54_carry__1/CO[3]
                         net (fo=1, routed)           0.000     8.174    BCD_CONV/tens1__54_carry__1_n_0
    SLICE_X5Y99          CARRY4 (Prop_carry4_CI_CO[3])
                                                      0.114     8.288 r  BCD_CONV/tens1__54_carry__2/CO[3]
                         net (fo=1, routed)           0.001     8.289    BCD_CONV/tens1__54_carry__2_n_0
    SLICE_X5Y100         CARRY4 (Prop_carry4_CI_CO[3])
                                                      0.114     8.403 r  BCD_CONV/tens1__54_carry__3/CO[3]
                         net (fo=1, routed)           0.000     8.403    BCD_CONV/tens1__54_carry__3_n_0
    SLICE_X5Y101         CARRY4 (Prop_carry4_CI_O[1])
                                                      0.334     8.737 r  BCD_CONV/tens1__54_carry__4/O[1]
                         net (fo=4, routed)           1.174     9.911    RESULT_REG/tens1__110_carry__5[0]
    SLICE_X3Y100         LUT6 (Prop_lut6_I0_O)        0.303    10.214 r  RESULT_REG/tens1__110_carry__5_i_3/O
                         net (fo=2, routed)           0.828    11.042    RESULT_REG/q_reg[7]_0[0]
    SLICE_X4Y101         LUT6 (Prop_lut6_I0_O)        0.124    11.166 r  RESULT_REG/tens1__110_carry__5_i_7/O
                         net (fo=1, routed)           0.000    11.166    BCD_CONV/ones1_carry_i_3_0[0]
    SLICE_X4Y101         CARRY4 (Prop_carry4_S[1]_CO[3])
                                                      0.550    11.716 r  BCD_CONV/tens1__110_carry__5/CO[3]
                         net (fo=1, routed)           0.000    11.716    BCD_CONV/tens1__110_carry__5_n_0
    SLICE_X4Y102         CARRY4 (Prop_carry4_CI_O[1])
                                                      0.334    12.050 r  BCD_CONV/tens1__110_carry__6/O[1]
                         net (fo=10, routed)          1.147    13.197    RESULT_REG/ones2_carry__0_2[1]
    SLICE_X8Y101         LUT2 (Prop_lut2_I0_O)        0.303    13.500 r  RESULT_REG/tens1__175_carry_i_2/O
                         net (fo=1, routed)           0.000    13.500    BCD_CONV/tens1__193_carry_i_7[1]
    SLICE_X8Y101         CARRY4 (Prop_carry4_S[2]_CO[3])
                                                      0.380    13.880 r  BCD_CONV/tens1__175_carry/CO[3]
                         net (fo=1, routed)           0.000    13.880    BCD_CONV/tens1__175_carry_n_0
    SLICE_X8Y102         CARRY4 (Prop_carry4_CI_O[0])
                                                      0.219    14.099 r  BCD_CONV/tens1__175_carry__0/O[0]
                         net (fo=3, routed)           0.916    15.015    RESULT_REG/tens1__193_carry__0[0]
    SLICE_X7Y102         LUT4 (Prop_lut4_I1_O)        0.295    15.310 r  RESULT_REG/tens1__193_carry__0_i_6/O
                         net (fo=1, routed)           0.000    15.310    BCD_CONV/tens1__193_carry__1_1[1]
    SLICE_X7Y102         CARRY4 (Prop_carry4_S[1]_CO[3])
                                                      0.550    15.860 r  BCD_CONV/tens1__193_carry__0/CO[3]
                         net (fo=1, routed)           0.000    15.860    BCD_CONV/tens1__193_carry__0_n_0
    SLICE_X7Y103         CARRY4 (Prop_carry4_CI_CO[0])
                                                      0.271    16.131 r  BCD_CONV/tens1__193_carry__1/CO[0]
                         net (fo=24, routed)          1.019    17.151    BCD_CONV/tens1__193_carry__1_i_1[0]
    SLICE_X6Y101         LUT5 (Prop_lut5_I3_O)        0.373    17.524 r  BCD_CONV/ones2_carry_i_6/O
                         net (fo=1, routed)           0.000    17.524    BCD_CONV/ones2_carry_i_6_n_0
    SLICE_X6Y101         CARRY4 (Prop_carry4_S[1]_O[3])
                                                      0.643    18.167 r  BCD_CONV/ones2_carry/O[3]
                         net (fo=1, routed)           0.731    18.897    RESULT_REG/ones1_carry__1[3]
    SLICE_X3Y102         LUT2 (Prop_lut2_I1_O)        0.307    19.204 r  RESULT_REG/ones1_carry__0_i_3/O
                         net (fo=1, routed)           0.000    19.204    BCD_CONV/seg_OBUF[6]_inst_i_10_0[1]
    SLICE_X3Y102         CARRY4 (Prop_carry4_S[1]_CO[3])
                                                      0.550    19.754 r  BCD_CONV/ones1_carry__0/CO[3]
                         net (fo=1, routed)           0.000    19.754    BCD_CONV/ones1_carry__0_n_0
    SLICE_X3Y103         CARRY4 (Prop_carry4_CI_CO[3])
                                                      0.114    19.868 r  BCD_CONV/ones1_carry__1/CO[3]
                         net (fo=1, routed)           0.000    19.868    BCD_CONV/ones1_carry__1_n_0
    SLICE_X3Y104         CARRY4 (Prop_carry4_CI_CO[0])
                                                      0.271    20.139 r  BCD_CONV/seg_OBUF[6]_inst_i_11/CO[0]
                         net (fo=3, routed)           0.994    21.133    BCD_CONV/seg_OBUF[6]_inst_i_11_n_3
    SLICE_X2Y102         LUT5 (Prop_lut5_I2_O)        0.373    21.506 f  BCD_CONV/seg_OBUF[6]_inst_i_10/O
                         net (fo=4, routed)           0.750    22.256    BCD_CONV/seg_OBUF[6]_inst_i_10_n_0
    SLICE_X2Y103         LUT6 (Prop_lut6_I1_O)        0.124    22.380 r  BCD_CONV/seg_OBUF[6]_inst_i_8/O
                         net (fo=7, routed)           1.207    23.587    BCD_CONV/ones[2]
    SLICE_X0Y101         LUT6 (Prop_lut6_I5_O)        0.124    23.711 r  BCD_CONV/seg_OBUF[1]_inst_i_2/O
                         net (fo=1, routed)           0.669    24.380    RESULT_REG/seg[1]
    SLICE_X0Y101         LUT6 (Prop_lut6_I0_O)        0.124    24.504 r  RESULT_REG/seg_OBUF[1]_inst_i_1/O
                         net (fo=1, routed)           3.531    28.035    seg_OBUF[1]
    R10                  OBUF (Prop_obuf_I_O)         3.555    31.590 r  seg_OBUF[1]_inst/O
                         net (fo=0)                   0.000    31.590    seg[1]
    R10                                                               r  seg[1] (OUT)
  -------------------------------------------------------------------    -------------------

Slack:                    inf
  Source:                 RESULT_REG/q_reg[5]/C
                            (rising edge-triggered cell FDCE clocked by sys_clk_pin  {rise@0.000ns fall@5.000ns period=10.000ns})
  Destination:            seg[5]
                            (output port)
  Path Group:             (none)
  Path Type:              Max at Slow Process Corner
  Data Path Delay:        25.652ns  (logic 11.646ns (45.399%)  route 14.006ns (54.601%))
  Logic Levels:           27  (CARRY4=16 LUT2=2 LUT3=1 LUT4=1 LUT5=3 LUT6=3 OBUF=1)
  Clock Uncertainty:      0.025ns  ((TSJ^2 + TIJ^2)^1/2 + DJ) / 2 + PE
    Total System Jitter     (TSJ):    0.050ns
    Total Input Jitter      (TIJ):    0.000ns
    Discrete Jitter          (DJ):    0.000ns
    Phase Error              (PE):    0.000ns

    Location             Delay type                Incr(ns)  Path(ns)    Netlist Resource(s)
  -------------------------------------------------------------------    -------------------
                         (clock sys_clk_pin rise edge)
                                                      0.000     0.000 r  
    E3                                                0.000     0.000 r  clk (IN)
                         net (fo=0)                   0.000     0.000    clk
    E3                   IBUF (Prop_ibuf_I_O)         1.482     1.482 r  clk_IBUF_inst/O
                         net (fo=1, routed)           2.025     3.506    clk_IBUF
    BUFGCTRL_X0Y16       BUFG (Prop_bufg_I_O)         0.096     3.602 r  clk_IBUF_BUFG_inst/O
                         net (fo=33, routed)          1.725     5.328    RESULT_REG/CLK
    SLICE_X0Y95          FDCE                                         r  RESULT_REG/q_reg[5]/C
  -------------------------------------------------------------------    -------------------
    SLICE_X0Y95          FDCE (Prop_fdce_C_Q)         0.456     5.784 r  RESULT_REG/q_reg[5]/Q
                         net (fo=27, routed)          1.656     7.439    BCD_CONV/Q[5]
    SLICE_X5Y96          CARRY4 (Prop_carry4_DI[1]_CO[3])
                                                      0.507     7.946 r  BCD_CONV/tens1__54_carry/CO[3]
                         net (fo=1, routed)           0.000     7.946    BCD_CONV/tens1__54_carry_n_0
    SLICE_X5Y97          CARRY4 (Prop_carry4_CI_CO[3])
                                                      0.114     8.060 r  BCD_CONV/tens1__54_carry__0/CO[3]
                         net (fo=1, routed)           0.000     8.060    BCD_CONV/tens1__54_carry__0_n_0
    SLICE_X5Y98          CARRY4 (Prop_carry4_CI_CO[3])
                                                      0.114     8.174 r  BCD_CONV/tens1__54_carry__1/CO[3]
                         net (fo=1, routed)           0.000     8.174    BCD_CONV/tens1__54_carry__1_n_0
    SLICE_X5Y99          CARRY4 (Prop_carry4_CI_CO[3])
                                                      0.114     8.288 r  BCD_CONV/tens1__54_carry__2/CO[3]
                         net (fo=1, routed)           0.001     8.289    BCD_CONV/tens1__54_carry__2_n_0
    SLICE_X5Y100         CARRY4 (Prop_carry4_CI_CO[3])
                                                      0.114     8.403 r  BCD_CONV/tens1__54_carry__3/CO[3]
                         net (fo=1, routed)           0.000     8.403    BCD_CONV/tens1__54_carry__3_n_0
    SLICE_X5Y101         CARRY4 (Prop_carry4_CI_O[1])
                                                      0.334     8.737 r  BCD_CONV/tens1__54_carry__4/O[1]
                         net (fo=4, routed)           1.174     9.911    RESULT_REG/tens1__110_carry__5[0]
    SLICE_X3Y100         LUT6 (Prop_lut6_I0_O)        0.303    10.214 r  RESULT_REG/tens1__110_carry__5_i_3/O
                         net (fo=2, routed)           0.828    11.042    RESULT_REG/q_reg[7]_0[0]
    SLICE_X4Y101         LUT6 (Prop_lut6_I0_O)        0.124    11.166 r  RESULT_REG/tens1__110_carry__5_i_7/O
                         net (fo=1, routed)           0.000    11.166    BCD_CONV/ones1_carry_i_3_0[0]
    SLICE_X4Y101         CARRY4 (Prop_carry4_S[1]_CO[3])
                                                      0.550    11.716 r  BCD_CONV/tens1__110_carry__5/CO[3]
                         net (fo=1, routed)           0.000    11.716    BCD_CONV/tens1__110_carry__5_n_0
    SLICE_X4Y102         CARRY4 (Prop_carry4_CI_O[1])
                                                      0.334    12.050 r  BCD_CONV/tens1__110_carry__6/O[1]
                         net (fo=10, routed)          1.147    13.197    RESULT_REG/ones2_carry__0_2[1]
    SLICE_X8Y101         LUT2 (Prop_lut2_I0_O)        0.303    13.500 r  RESULT_REG/tens1__175_carry_i_2/O
                         net (fo=1, routed)           0.000    13.500    BCD_CONV/tens1__193_carry_i_7[1]
    SLICE_X8Y101         CARRY4 (Prop_carry4_S[2]_CO[3])
                                                      0.380    13.880 r  BCD_CONV/tens1__175_carry/CO[3]
                         net (fo=1, routed)           0.000    13.880    BCD_CONV/tens1__175_carry_n_0
    SLICE_X8Y102         CARRY4 (Prop_carry4_CI_O[0])
                                                      0.219    14.099 r  BCD_CONV/tens1__175_carry__0/O[0]
                         net (fo=3, routed)           0.916    15.015    RESULT_REG/tens1__193_carry__0[0]
    SLICE_X7Y102         LUT4 (Prop_lut4_I1_O)        0.295    15.310 r  RESULT_REG/tens1__193_carry__0_i_6/O
                         net (fo=1, routed)           0.000    15.310    BCD_CONV/tens1__193_carry__1_1[1]
    SLICE_X7Y102         CARRY4 (Prop_carry4_S[1]_CO[3])
                                                      0.550    15.860 r  BCD_CONV/tens1__193_carry__0/CO[3]
                         net (fo=1, routed)           0.000    15.860    BCD_CONV/tens1__193_carry__0_n_0
    SLICE_X7Y103         CARRY4 (Prop_carry4_CI_CO[0])
                                                      0.271    16.131 r  BCD_CONV/tens1__193_carry__1/CO[0]
                         net (fo=24, routed)          1.019    17.151    BCD_CONV/tens1__193_carry__1_i_1[0]
    SLICE_X6Y101         LUT5 (Prop_lut5_I3_O)        0.373    17.524 r  BCD_CONV/ones2_carry_i_6/O
                         net (fo=1, routed)           0.000    17.524    BCD_CONV/ones2_carry_i_6_n_0
    SLICE_X6Y101         CARRY4 (Prop_carry4_S[1]_O[3])
                                                      0.643    18.167 r  BCD_CONV/ones2_carry/O[3]
                         net (fo=1, routed)           0.731    18.897    RESULT_REG/ones1_carry__1[3]
    SLICE_X3Y102         LUT2 (Prop_lut2_I1_O)        0.307    19.204 r  RESULT_REG/ones1_carry__0_i_3/O
                         net (fo=1, routed)           0.000    19.204    BCD_CONV/seg_OBUF[6]_inst_i_10_0[1]
    SLICE_X3Y102         CARRY4 (Prop_carry4_S[1]_CO[3])
                                                      0.550    19.754 r  BCD_CONV/ones1_carry__0/CO[3]
                         net (fo=1, routed)           0.000    19.754    BCD_CONV/ones1_carry__0_n_0
    SLICE_X3Y103         CARRY4 (Prop_carry4_CI_CO[3])
                                                      0.114    19.868 r  BCD_CONV/ones1_carry__1/CO[3]
                         net (fo=1, routed)           0.000    19.868    BCD_CONV/ones1_carry__1_n_0
    SLICE_X3Y104         CARRY4 (Prop_carry4_CI_CO[0])
                                                      0.271    20.139 r  BCD_CONV/seg_OBUF[6]_inst_i_11/CO[0]
                         net (fo=3, routed)           0.994    21.133    BCD_CONV/seg_OBUF[6]_inst_i_11_n_3
    SLICE_X2Y102         LUT5 (Prop_lut5_I2_O)        0.373    21.506 f  BCD_CONV/seg_OBUF[6]_inst_i_10/O
                         net (fo=4, routed)           0.750    22.256    BCD_CONV/seg_OBUF[6]_inst_i_10_n_0
    SLICE_X2Y103         LUT6 (Prop_lut6_I1_O)        0.124    22.380 r  BCD_CONV/seg_OBUF[6]_inst_i_8/O
                         net (fo=7, routed)           0.996    23.377    BCD_CONV/ones[2]
    SLICE_X1Y101         LUT5 (Prop_lut5_I0_O)        0.124    23.501 r  BCD_CONV/seg_OBUF[5]_inst_i_2/O
                         net (fo=1, routed)           0.670    24.171    RESULT_REG/seg[5]
    SLICE_X1Y101         LUT3 (Prop_lut3_I0_O)        0.124    24.295 r  RESULT_REG/seg_OBUF[5]_inst_i_1/O
                         net (fo=1, routed)           3.124    27.419    seg_OBUF[5]
    T11                  OBUF (Prop_obuf_I_O)         3.561    30.979 r  seg_OBUF[5]_inst/O
                         net (fo=0)                   0.000    30.979    seg[5]
    T11                                                               r  seg[5] (OUT)
  -------------------------------------------------------------------    -------------------

Slack:                    inf
  Source:                 RESULT_REG/q_reg[5]/C
                            (rising edge-triggered cell FDCE clocked by sys_clk_pin  {rise@0.000ns fall@5.000ns period=10.000ns})
  Destination:            seg[0]
                            (output port)
  Path Group:             (none)
  Path Type:              Max at Slow Process Corner
  Data Path Delay:        25.562ns  (logic 11.662ns (45.623%)  route 13.900ns (54.377%))
  Logic Levels:           27  (CARRY4=16 LUT2=2 LUT4=1 LUT5=2 LUT6=5 OBUF=1)
  Clock Uncertainty:      0.025ns  ((TSJ^2 + TIJ^2)^1/2 + DJ) / 2 + PE
    Total System Jitter     (TSJ):    0.050ns
    Total Input Jitter      (TIJ):    0.000ns
    Discrete Jitter          (DJ):    0.000ns
    Phase Error              (PE):    0.000ns

    Location             Delay type                Incr(ns)  Path(ns)    Netlist Resource(s)
  -------------------------------------------------------------------    -------------------
                         (clock sys_clk_pin rise edge)
                                                      0.000     0.000 r  
    E3                                                0.000     0.000 r  clk (IN)
                         net (fo=0)                   0.000     0.000    clk
    E3                   IBUF (Prop_ibuf_I_O)         1.482     1.482 r  clk_IBUF_inst/O
                         net (fo=1, routed)           2.025     3.506    clk_IBUF
    BUFGCTRL_X0Y16       BUFG (Prop_bufg_I_O)         0.096     3.602 r  clk_IBUF_BUFG_inst/O
                         net (fo=33, routed)          1.725     5.328    RESULT_REG/CLK
    SLICE_X0Y95          FDCE                                         r  RESULT_REG/q_reg[5]/C
  -------------------------------------------------------------------    -------------------
    SLICE_X0Y95          FDCE (Prop_fdce_C_Q)         0.456     5.784 r  RESULT_REG/q_reg[5]/Q
                         net (fo=27, routed)          1.656     7.439    BCD_CONV/Q[5]
    SLICE_X5Y96          CARRY4 (Prop_carry4_DI[1]_CO[3])
                                                      0.507     7.946 r  BCD_CONV/tens1__54_carry/CO[3]
                         net (fo=1, routed)           0.000     7.946    BCD_CONV/tens1__54_carry_n_0
    SLICE_X5Y97          CARRY4 (Prop_carry4_CI_CO[3])
                                                      0.114     8.060 r  BCD_CONV/tens1__54_carry__0/CO[3]
                         net (fo=1, routed)           0.000     8.060    BCD_CONV/tens1__54_carry__0_n_0
    SLICE_X5Y98          CARRY4 (Prop_carry4_CI_CO[3])
                                                      0.114     8.174 r  BCD_CONV/tens1__54_carry__1/CO[3]
                         net (fo=1, routed)           0.000     8.174    BCD_CONV/tens1__54_carry__1_n_0
    SLICE_X5Y99          CARRY4 (Prop_carry4_CI_CO[3])
                                                      0.114     8.288 r  BCD_CONV/tens1__54_carry__2/CO[3]
                         net (fo=1, routed)           0.001     8.289    BCD_CONV/tens1__54_carry__2_n_0
    SLICE_X5Y100         CARRY4 (Prop_carry4_CI_CO[3])
                                                      0.114     8.403 r  BCD_CONV/tens1__54_carry__3/CO[3]
                         net (fo=1, routed)           0.000     8.403    BCD_CONV/tens1__54_carry__3_n_0
    SLICE_X5Y101         CARRY4 (Prop_carry4_CI_O[1])
                                                      0.334     8.737 r  BCD_CONV/tens1__54_carry__4/O[1]
                         net (fo=4, routed)           1.174     9.911    RESULT_REG/tens1__110_carry__5[0]
    SLICE_X3Y100         LUT6 (Prop_lut6_I0_O)        0.303    10.214 r  RESULT_REG/tens1__110_carry__5_i_3/O
                         net (fo=2, routed)           0.828    11.042    RESULT_REG/q_reg[7]_0[0]
    SLICE_X4Y101         LUT6 (Prop_lut6_I0_O)        0.124    11.166 r  RESULT_REG/tens1__110_carry__5_i_7/O
                         net (fo=1, routed)           0.000    11.166    BCD_CONV/ones1_carry_i_3_0[0]
    SLICE_X4Y101         CARRY4 (Prop_carry4_S[1]_CO[3])
                                                      0.550    11.716 r  BCD_CONV/tens1__110_carry__5/CO[3]
                         net (fo=1, routed)           0.000    11.716    BCD_CONV/tens1__110_carry__5_n_0
    SLICE_X4Y102         CARRY4 (Prop_carry4_CI_O[1])
                                                      0.334    12.050 r  BCD_CONV/tens1__110_carry__6/O[1]
                         net (fo=10, routed)          1.147    13.197    RESULT_REG/ones2_carry__0_2[1]
    SLICE_X8Y101         LUT2 (Prop_lut2_I0_O)        0.303    13.500 r  RESULT_REG/tens1__175_carry_i_2/O
                         net (fo=1, routed)           0.000    13.500    BCD_CONV/tens1__193_carry_i_7[1]
    SLICE_X8Y101         CARRY4 (Prop_carry4_S[2]_CO[3])
                                                      0.380    13.880 r  BCD_CONV/tens1__175_carry/CO[3]
                         net (fo=1, routed)           0.000    13.880    BCD_CONV/tens1__175_carry_n_0
    SLICE_X8Y102         CARRY4 (Prop_carry4_CI_O[0])
                                                      0.219    14.099 r  BCD_CONV/tens1__175_carry__0/O[0]
                         net (fo=3, routed)           0.916    15.015    RESULT_REG/tens1__193_carry__0[0]
    SLICE_X7Y102         LUT4 (Prop_lut4_I1_O)        0.295    15.310 r  RESULT_REG/tens1__193_carry__0_i_6/O
                         net (fo=1, routed)           0.000    15.310    BCD_CONV/tens1__193_carry__1_1[1]
    SLICE_X7Y102         CARRY4 (Prop_carry4_S[1]_CO[3])
                                                      0.550    15.860 r  BCD_CONV/tens1__193_carry__0/CO[3]
                         net (fo=1, routed)           0.000    15.860    BCD_CONV/tens1__193_carry__0_n_0
    SLICE_X7Y103         CARRY4 (Prop_carry4_CI_CO[0])
                                                      0.271    16.131 r  BCD_CONV/tens1__193_carry__1/CO[0]
                         net (fo=24, routed)          1.019    17.151    BCD_CONV/tens1__193_carry__1_i_1[0]
    SLICE_X6Y101         LUT5 (Prop_lut5_I3_O)        0.373    17.524 r  BCD_CONV/ones2_carry_i_6/O
                         net (fo=1, routed)           0.000    17.524    BCD_CONV/ones2_carry_i_6_n_0
    SLICE_X6Y101         CARRY4 (Prop_carry4_S[1]_O[3])
                                                      0.643    18.167 r  BCD_CONV/ones2_carry/O[3]
                         net (fo=1, routed)           0.731    18.897    RESULT_REG/ones1_carry__1[3]
    SLICE_X3Y102         LUT2 (Prop_lut2_I1_O)        0.307    19.204 r  RESULT_REG/ones1_carry__0_i_3/O
                         net (fo=1, routed)           0.000    19.204    BCD_CONV/seg_OBUF[6]_inst_i_10_0[1]
    SLICE_X3Y102         CARRY4 (Prop_carry4_S[1]_CO[3])
                                                      0.550    19.754 r  BCD_CONV/ones1_carry__0/CO[3]
                         net (fo=1, routed)           0.000    19.754    BCD_CONV/ones1_carry__0_n_0
    SLICE_X3Y103         CARRY4 (Prop_carry4_CI_CO[3])
                                                      0.114    19.868 r  BCD_CONV/ones1_carry__1/CO[3]
                         net (fo=1, routed)           0.000    19.868    BCD_CONV/ones1_carry__1_n_0
    SLICE_X3Y104         CARRY4 (Prop_carry4_CI_CO[0])
                                                      0.271    20.139 f  BCD_CONV/seg_OBUF[6]_inst_i_11/CO[0]
                         net (fo=3, routed)           0.994    21.133    BCD_CONV/seg_OBUF[6]_inst_i_11_n_3
    SLICE_X2Y102         LUT5 (Prop_lut5_I2_O)        0.373    21.506 r  BCD_CONV/seg_OBUF[6]_inst_i_10/O
                         net (fo=4, routed)           0.792    22.298    BCD_CONV/seg_OBUF[6]_inst_i_10_n_0
    SLICE_X1Y103         LUT6 (Prop_lut6_I4_O)        0.124    22.422 r  BCD_CONV/seg_OBUF[6]_inst_i_6/O
                         net (fo=7, routed)           0.995    23.418    BCD_CONV/ones[0]
    SLICE_X1Y102         LUT6 (Prop_lut6_I2_O)        0.124    23.542 r  BCD_CONV/seg_OBUF[0]_inst_i_2/O
                         net (fo=1, routed)           0.264    23.806    RESULT_REG/seg[0]
    SLICE_X1Y102         LUT6 (Prop_lut6_I5_O)        0.124    23.930 r  RESULT_REG/seg_OBUF[0]_inst_i_1/O
                         net (fo=1, routed)           3.382    27.312    seg_OBUF[0]
    T10                  OBUF (Prop_obuf_I_O)         3.577    30.889 r  seg_OBUF[0]_inst/O
                         net (fo=0)                   0.000    30.889    seg[0]
    T10                                                               r  seg[0] (OUT)
  -------------------------------------------------------------------    -------------------

Slack:                    inf
  Source:                 RESULT_REG/q_reg[5]/C
                            (rising edge-triggered cell FDCE clocked by sys_clk_pin  {rise@0.000ns fall@5.000ns period=10.000ns})
  Destination:            seg[4]
                            (output port)
  Path Group:             (none)
  Path Type:              Max at Slow Process Corner
  Data Path Delay:        24.940ns  (logic 11.619ns (46.586%)  route 13.321ns (53.414%))
  Logic Levels:           27  (CARRY4=16 LUT2=2 LUT4=1 LUT5=2 LUT6=5 OBUF=1)
  Clock Uncertainty:      0.025ns  ((TSJ^2 + TIJ^2)^1/2 + DJ) / 2 + PE
    Total System Jitter     (TSJ):    0.050ns
    Total Input Jitter      (TIJ):    0.000ns
    Discrete Jitter          (DJ):    0.000ns
    Phase Error              (PE):    0.000ns

    Location             Delay type                Incr(ns)  Path(ns)    Netlist Resource(s)
  -------------------------------------------------------------------    -------------------
                         (clock sys_clk_pin rise edge)
                                                      0.000     0.000 r  
    E3                                                0.000     0.000 r  clk (IN)
                         net (fo=0)                   0.000     0.000    clk
    E3                   IBUF (Prop_ibuf_I_O)         1.482     1.482 r  clk_IBUF_inst/O
                         net (fo=1, routed)           2.025     3.506    clk_IBUF
    BUFGCTRL_X0Y16       BUFG (Prop_bufg_I_O)         0.096     3.602 r  clk_IBUF_BUFG_inst/O
                         net (fo=33, routed)          1.725     5.328    RESULT_REG/CLK
    SLICE_X0Y95          FDCE                                         r  RESULT_REG/q_reg[5]/C
  -------------------------------------------------------------------    -------------------
    SLICE_X0Y95          FDCE (Prop_fdce_C_Q)         0.456     5.784 r  RESULT_REG/q_reg[5]/Q
                         net (fo=27, routed)          1.656     7.439    BCD_CONV/Q[5]
    SLICE_X5Y96          CARRY4 (Prop_carry4_DI[1]_CO[3])
                                                      0.507     7.946 r  BCD_CONV/tens1__54_carry/CO[3]
                         net (fo=1, routed)           0.000     7.946    BCD_CONV/tens1__54_carry_n_0
    SLICE_X5Y97          CARRY4 (Prop_carry4_CI_CO[3])
                                                      0.114     8.060 r  BCD_CONV/tens1__54_carry__0/CO[3]
                         net (fo=1, routed)           0.000     8.060    BCD_CONV/tens1__54_carry__0_n_0
    SLICE_X5Y98          CARRY4 (Prop_carry4_CI_CO[3])
                                                      0.114     8.174 r  BCD_CONV/tens1__54_carry__1/CO[3]
                         net (fo=1, routed)           0.000     8.174    BCD_CONV/tens1__54_carry__1_n_0
    SLICE_X5Y99          CARRY4 (Prop_carry4_CI_CO[3])
                                                      0.114     8.288 r  BCD_CONV/tens1__54_carry__2/CO[3]
                         net (fo=1, routed)           0.001     8.289    BCD_CONV/tens1__54_carry__2_n_0
    SLICE_X5Y100         CARRY4 (Prop_carry4_CI_CO[3])
                                                      0.114     8.403 r  BCD_CONV/tens1__54_carry__3/CO[3]
                         net (fo=1, routed)           0.000     8.403    BCD_CONV/tens1__54_carry__3_n_0
    SLICE_X5Y101         CARRY4 (Prop_carry4_CI_O[1])
                                                      0.334     8.737 r  BCD_CONV/tens1__54_carry__4/O[1]
                         net (fo=4, routed)           1.174     9.911    RESULT_REG/tens1__110_carry__5[0]
    SLICE_X3Y100         LUT6 (Prop_lut6_I0_O)        0.303    10.214 r  RESULT_REG/tens1__110_carry__5_i_3/O
                         net (fo=2, routed)           0.828    11.042    RESULT_REG/q_reg[7]_0[0]
    SLICE_X4Y101         LUT6 (Prop_lut6_I0_O)        0.124    11.166 r  RESULT_REG/tens1__110_carry__5_i_7/O
                         net (fo=1, routed)           0.000    11.166    BCD_CONV/ones1_carry_i_3_0[0]
    SLICE_X4Y101         CARRY4 (Prop_carry4_S[1]_CO[3])
                                                      0.550    11.716 r  BCD_CONV/tens1__110_carry__5/CO[3]
                         net (fo=1, routed)           0.000    11.716    BCD_CONV/tens1__110_carry__5_n_0
    SLICE_X4Y102         CARRY4 (Prop_carry4_CI_O[1])
                                                      0.334    12.050 r  BCD_CONV/tens1__110_carry__6/O[1]
                         net (fo=10, routed)          1.147    13.197    RESULT_REG/ones2_carry__0_2[1]
    SLICE_X8Y101         LUT2 (Prop_lut2_I0_O)        0.303    13.500 r  RESULT_REG/tens1__175_carry_i_2/O
                         net (fo=1, routed)           0.000    13.500    BCD_CONV/tens1__193_carry_i_7[1]
    SLICE_X8Y101         CARRY4 (Prop_carry4_S[2]_CO[3])
                                                      0.380    13.880 r  BCD_CONV/tens1__175_carry/CO[3]
                         net (fo=1, routed)           0.000    13.880    BCD_CONV/tens1__175_carry_n_0
    SLICE_X8Y102         CARRY4 (Prop_carry4_CI_O[0])
                                                      0.219    14.099 r  BCD_CONV/tens1__175_carry__0/O[0]
                         net (fo=3, routed)           0.916    15.015    RESULT_REG/tens1__193_carry__0[0]
    SLICE_X7Y102         LUT4 (Prop_lut4_I1_O)        0.295    15.310 r  RESULT_REG/tens1__193_carry__0_i_6/O
                         net (fo=1, routed)           0.000    15.310    BCD_CONV/tens1__193_carry__1_1[1]
    SLICE_X7Y102         CARRY4 (Prop_carry4_S[1]_CO[3])
                                                      0.550    15.860 r  BCD_CONV/tens1__193_carry__0/CO[3]
                         net (fo=1, routed)           0.000    15.860    BCD_CONV/tens1__193_carry__0_n_0
    SLICE_X7Y103         CARRY4 (Prop_carry4_CI_CO[0])
                                                      0.271    16.131 r  BCD_CONV/tens1__193_carry__1/CO[0]
                         net (fo=24, routed)          1.019    17.151    BCD_CONV/tens1__193_carry__1_i_1[0]
    SLICE_X6Y101         LUT5 (Prop_lut5_I3_O)        0.373    17.524 r  BCD_CONV/ones2_carry_i_6/O
                         net (fo=1, routed)           0.000    17.524    BCD_CONV/ones2_carry_i_6_n_0
    SLICE_X6Y101         CARRY4 (Prop_carry4_S[1]_O[3])
                                                      0.643    18.167 r  BCD_CONV/ones2_carry/O[3]
                         net (fo=1, routed)           0.731    18.897    RESULT_REG/ones1_carry__1[3]
    SLICE_X3Y102         LUT2 (Prop_lut2_I1_O)        0.307    19.204 r  RESULT_REG/ones1_carry__0_i_3/O
                         net (fo=1, routed)           0.000    19.204    BCD_CONV/seg_OBUF[6]_inst_i_10_0[1]
    SLICE_X3Y102         CARRY4 (Prop_carry4_S[1]_CO[3])
                                                      0.550    19.754 r  BCD_CONV/ones1_carry__0/CO[3]
                         net (fo=1, routed)           0.000    19.754    BCD_CONV/ones1_carry__0_n_0
    SLICE_X3Y103         CARRY4 (Prop_carry4_CI_CO[3])
                                                      0.114    19.868 r  BCD_CONV/ones1_carry__1/CO[3]
                         net (fo=1, routed)           0.000    19.868    BCD_CONV/ones1_carry__1_n_0
    SLICE_X3Y104         CARRY4 (Prop_carry4_CI_CO[0])
                                                      0.271    20.139 r  BCD_CONV/seg_OBUF[6]_inst_i_11/CO[0]
                         net (fo=3, routed)           0.994    21.133    BCD_CONV/seg_OBUF[6]_inst_i_11_n_3
    SLICE_X2Y102         LUT5 (Prop_lut5_I2_O)        0.373    21.506 f  BCD_CONV/seg_OBUF[6]_inst_i_10/O
                         net (fo=4, routed)           0.750    22.256    BCD_CONV/seg_OBUF[6]_inst_i_10_n_0
    SLICE_X2Y103         LUT6 (Prop_lut6_I1_O)        0.124    22.380 r  BCD_CONV/seg_OBUF[6]_inst_i_8/O
                         net (fo=7, routed)           1.199    23.580    BCD_CONV/ones[2]
    SLICE_X0Y101         LUT6 (Prop_lut6_I2_O)        0.124    23.704 r  BCD_CONV/seg_OBUF[4]_inst_i_7/O
                         net (fo=1, routed)           0.161    23.865    RESULT_REG/seg[4]
    SLICE_X0Y101         LUT6 (Prop_lut6_I5_O)        0.124    23.989 r  RESULT_REG/seg_OBUF[4]_inst_i_1/O
                         net (fo=1, routed)           2.745    26.734    seg_OBUF[4]
    P15                  OBUF (Prop_obuf_I_O)         3.534    30.268 r  seg_OBUF[4]_inst/O
                         net (fo=0)                   0.000    30.268    seg[4]
    P15                                                               r  seg[4] (OUT)
  -------------------------------------------------------------------    -------------------

Slack:                    inf
  Source:                 RESULT_REG/q_reg[5]/C
                            (rising edge-triggered cell FDCE clocked by sys_clk_pin  {rise@0.000ns fall@5.000ns period=10.000ns})
  Destination:            seg[6]
                            (output port)
  Path Group:             (none)
  Path Type:              Max at Slow Process Corner
  Data Path Delay:        24.610ns  (logic 11.622ns (47.226%)  route 12.988ns (52.774%))
  Logic Levels:           27  (CARRY4=16 LUT2=2 LUT4=3 LUT5=2 LUT6=3 OBUF=1)
  Clock Uncertainty:      0.025ns  ((TSJ^2 + TIJ^2)^1/2 + DJ) / 2 + PE
    Total System Jitter     (TSJ):    0.050ns
    Total Input Jitter      (TIJ):    0.000ns
    Discrete Jitter          (DJ):    0.000ns
    Phase Error              (PE):    0.000ns

    Location             Delay type                Incr(ns)  Path(ns)    Netlist Resource(s)
  -------------------------------------------------------------------    -------------------
                         (clock sys_clk_pin rise edge)
                                                      0.000     0.000 r  
    E3                                                0.000     0.000 r  clk (IN)
                         net (fo=0)                   0.000     0.000    clk
    E3                   IBUF (Prop_ibuf_I_O)         1.482     1.482 r  clk_IBUF_inst/O
                         net (fo=1, routed)           2.025     3.506    clk_IBUF
    BUFGCTRL_X0Y16       BUFG (Prop_bufg_I_O)         0.096     3.602 r  clk_IBUF_BUFG_inst/O
                         net (fo=33, routed)          1.725     5.328    RESULT_REG/CLK
    SLICE_X0Y95          FDCE                                         r  RESULT_REG/q_reg[5]/C
  -------------------------------------------------------------------    -------------------
    SLICE_X0Y95          FDCE (Prop_fdce_C_Q)         0.456     5.784 r  RESULT_REG/q_reg[5]/Q
                         net (fo=27, routed)          1.656     7.439    BCD_CONV/Q[5]
    SLICE_X5Y96          CARRY4 (Prop_carry4_DI[1]_CO[3])
                                                      0.507     7.946 r  BCD_CONV/tens1__54_carry/CO[3]
                         net (fo=1, routed)           0.000     7.946    BCD_CONV/tens1__54_carry_n_0
    SLICE_X5Y97          CARRY4 (Prop_carry4_CI_CO[3])
                                                      0.114     8.060 r  BCD_CONV/tens1__54_carry__0/CO[3]
                         net (fo=1, routed)           0.000     8.060    BCD_CONV/tens1__54_carry__0_n_0
    SLICE_X5Y98          CARRY4 (Prop_carry4_CI_CO[3])
                                                      0.114     8.174 r  BCD_CONV/tens1__54_carry__1/CO[3]
                         net (fo=1, routed)           0.000     8.174    BCD_CONV/tens1__54_carry__1_n_0
    SLICE_X5Y99          CARRY4 (Prop_carry4_CI_CO[3])
                                                      0.114     8.288 r  BCD_CONV/tens1__54_carry__2/CO[3]
                         net (fo=1, routed)           0.001     8.289    BCD_CONV/tens1__54_carry__2_n_0
    SLICE_X5Y100         CARRY4 (Prop_carry4_CI_CO[3])
                                                      0.114     8.403 r  BCD_CONV/tens1__54_carry__3/CO[3]
                         net (fo=1, routed)           0.000     8.403    BCD_CONV/tens1__54_carry__3_n_0
    SLICE_X5Y101         CARRY4 (Prop_carry4_CI_O[1])
                                                      0.334     8.737 r  BCD_CONV/tens1__54_carry__4/O[1]
                         net (fo=4, routed)           1.174     9.911    RESULT_REG/tens1__110_carry__5[0]
    SLICE_X3Y100         LUT6 (Prop_lut6_I0_O)        0.303    10.214 r  RESULT_REG/tens1__110_carry__5_i_3/O
                         net (fo=2, routed)           0.828    11.042    RESULT_REG/q_reg[7]_0[0]
    SLICE_X4Y101         LUT6 (Prop_lut6_I0_O)        0.124    11.166 r  RESULT_REG/tens1__110_carry__5_i_7/O
                         net (fo=1, routed)           0.000    11.166    BCD_CONV/ones1_carry_i_3_0[0]
    SLICE_X4Y101         CARRY4 (Prop_carry4_S[1]_CO[3])
                                                      0.550    11.716 r  BCD_CONV/tens1__110_carry__5/CO[3]
                         net (fo=1, routed)           0.000    11.716    BCD_CONV/tens1__110_carry__5_n_0
    SLICE_X4Y102         CARRY4 (Prop_carry4_CI_O[1])
                                                      0.334    12.050 r  BCD_CONV/tens1__110_carry__6/O[1]
                         net (fo=10, routed)          1.147    13.197    RESULT_REG/ones2_carry__0_2[1]
    SLICE_X8Y101         LUT2 (Prop_lut2_I0_O)        0.303    13.500 r  RESULT_REG/tens1__175_carry_i_2/O
                         net (fo=1, routed)           0.000    13.500    BCD_CONV/tens1__193_carry_i_7[1]
    SLICE_X8Y101         CARRY4 (Prop_carry4_S[2]_CO[3])
                                                      0.380    13.880 r  BCD_CONV/tens1__175_carry/CO[3]
                         net (fo=1, routed)           0.000    13.880    BCD_CONV/tens1__175_carry_n_0
    SLICE_X8Y102         CARRY4 (Prop_carry4_CI_O[0])
                                                      0.219    14.099 r  BCD_CONV/tens1__175_carry__0/O[0]
                         net (fo=3, routed)           0.916    15.015    RESULT_REG/tens1__193_carry__0[0]
    SLICE_X7Y102         LUT4 (Prop_lut4_I1_O)        0.295    15.310 r  RESULT_REG/tens1__193_carry__0_i_6/O
                         net (fo=1, routed)           0.000    15.310    BCD_CONV/tens1__193_carry__1_1[1]
    SLICE_X7Y102         CARRY4 (Prop_carry4_S[1]_CO[3])
                                                      0.550    15.860 r  BCD_CONV/tens1__193_carry__0/CO[3]
                         net (fo=1, routed)           0.000    15.860    BCD_CONV/tens1__193_carry__0_n_0
    SLICE_X7Y103         CARRY4 (Prop_carry4_CI_CO[0])
                                                      0.271    16.131 r  BCD_CONV/tens1__193_carry__1/CO[0]
                         net (fo=24, routed)          1.019    17.151    BCD_CONV/tens1__193_carry__1_i_1[0]
    SLICE_X6Y101         LUT5 (Prop_lut5_I3_O)        0.373    17.524 r  BCD_CONV/ones2_carry_i_6/O
                         net (fo=1, routed)           0.000    17.524    BCD_CONV/ones2_carry_i_6_n_0
    SLICE_X6Y101         CARRY4 (Prop_carry4_S[1]_O[3])
                                                      0.643    18.167 r  BCD_CONV/ones2_carry/O[3]
                         net (fo=1, routed)           0.731    18.897    RESULT_REG/ones1_carry__1[3]
    SLICE_X3Y102         LUT2 (Prop_lut2_I1_O)        0.307    19.204 r  RESULT_REG/ones1_carry__0_i_3/O
                         net (fo=1, routed)           0.000    19.204    BCD_CONV/seg_OBUF[6]_inst_i_10_0[1]
    SLICE_X3Y102         CARRY4 (Prop_carry4_S[1]_CO[3])
                                                      0.550    19.754 r  BCD_CONV/ones1_carry__0/CO[3]
                         net (fo=1, routed)           0.000    19.754    BCD_CONV/ones1_carry__0_n_0
    SLICE_X3Y103         CARRY4 (Prop_carry4_CI_CO[3])
                                                      0.114    19.868 r  BCD_CONV/ones1_carry__1/CO[3]
                         net (fo=1, routed)           0.000    19.868    BCD_CONV/ones1_carry__1_n_0
    SLICE_X3Y104         CARRY4 (Prop_carry4_CI_CO[0])
                                                      0.271    20.139 f  BCD_CONV/seg_OBUF[6]_inst_i_11/CO[0]
                         net (fo=3, routed)           0.994    21.133    BCD_CONV/seg_OBUF[6]_inst_i_11_n_3
    SLICE_X2Y102         LUT5 (Prop_lut5_I2_O)        0.373    21.506 r  BCD_CONV/seg_OBUF[6]_inst_i_10/O
                         net (fo=4, routed)           0.792    22.298    BCD_CONV/seg_OBUF[6]_inst_i_10_n_0
    SLICE_X1Y103         LUT6 (Prop_lut6_I4_O)        0.124    22.422 r  BCD_CONV/seg_OBUF[6]_inst_i_6/O
                         net (fo=7, routed)           0.984    23.406    BCD_CONV/ones[0]
    SLICE_X0Y102         LUT4 (Prop_lut4_I1_O)        0.124    23.530 r  BCD_CONV/seg_OBUF[6]_inst_i_2/O
                         net (fo=1, routed)           0.674    24.204    RESULT_REG/seg_low[0]
    SLICE_X0Y102         LUT4 (Prop_lut4_I0_O)        0.124    24.328 r  RESULT_REG/seg_OBUF[6]_inst_i_1/O
                         net (fo=1, routed)           2.072    26.400    seg_OBUF[6]
    L18                  OBUF (Prop_obuf_I_O)         3.537    29.938 r  seg_OBUF[6]_inst/O
                         net (fo=0)                   0.000    29.938    seg[6]
    L18                                                               r  seg[6] (OUT)
  -------------------------------------------------------------------    -------------------

Slack:                    inf
  Source:                 RESULT_REG/q_reg[5]/C
                            (rising edge-triggered cell FDCE clocked by sys_clk_pin  {rise@0.000ns fall@5.000ns period=10.000ns})
  Destination:            seg[2]
                            (output port)
  Path Group:             (none)
  Path Type:              Max at Slow Process Corner
  Data Path Delay:        24.359ns  (logic 12.040ns (49.427%)  route 12.319ns (50.573%))
  Logic Levels:           27  (CARRY4=16 LUT2=2 LUT4=2 LUT5=3 LUT6=3 OBUF=1)
  Clock Uncertainty:      0.025ns  ((TSJ^2 + TIJ^2)^1/2 + DJ) / 2 + PE
    Total System Jitter     (TSJ):    0.050ns
    Total Input Jitter      (TIJ):    0.000ns
    Discrete Jitter          (DJ):    0.000ns
    Phase Error              (PE):    0.000ns

    Location             Delay type                Incr(ns)  Path(ns)    Netlist Resource(s)
  -------------------------------------------------------------------    -------------------
                         (clock sys_clk_pin rise edge)
                                                      0.000     0.000 r  
    E3                                                0.000     0.000 r  clk (IN)
                         net (fo=0)                   0.000     0.000    clk
    E3                   IBUF (Prop_ibuf_I_O)         1.482     1.482 r  clk_IBUF_inst/O
                         net (fo=1, routed)           2.025     3.506    clk_IBUF
    BUFGCTRL_X0Y16       BUFG (Prop_bufg_I_O)         0.096     3.602 r  clk_IBUF_BUFG_inst/O
                         net (fo=33, routed)          1.725     5.328    RESULT_REG/CLK
    SLICE_X0Y95          FDCE                                         r  RESULT_REG/q_reg[5]/C
  -------------------------------------------------------------------    -------------------
    SLICE_X0Y95          FDCE (Prop_fdce_C_Q)         0.456     5.784 r  RESULT_REG/q_reg[5]/Q
                         net (fo=27, routed)          1.656     7.439    BCD_CONV/Q[5]
    SLICE_X5Y96          CARRY4 (Prop_carry4_DI[1]_CO[3])
                                                      0.507     7.946 r  BCD_CONV/tens1__54_carry/CO[3]
                         net (fo=1, routed)           0.000     7.946    BCD_CONV/tens1__54_carry_n_0
    SLICE_X5Y97          CARRY4 (Prop_carry4_CI_CO[3])
                                                      0.114     8.060 r  BCD_CONV/tens1__54_carry__0/CO[3]
                         net (fo=1, routed)           0.000     8.060    BCD_CONV/tens1__54_carry__0_n_0
    SLICE_X5Y98          CARRY4 (Prop_carry4_CI_CO[3])
                                                      0.114     8.174 r  BCD_CONV/tens1__54_carry__1/CO[3]
                         net (fo=1, routed)           0.000     8.174    BCD_CONV/tens1__54_carry__1_n_0
    SLICE_X5Y99          CARRY4 (Prop_carry4_CI_CO[3])
                                                      0.114     8.288 r  BCD_CONV/tens1__54_carry__2/CO[3]
                         net (fo=1, routed)           0.001     8.289    BCD_CONV/tens1__54_carry__2_n_0
    SLICE_X5Y100         CARRY4 (Prop_carry4_CI_CO[3])
                                                      0.114     8.403 r  BCD_CONV/tens1__54_carry__3/CO[3]
                         net (fo=1, routed)           0.000     8.403    BCD_CONV/tens1__54_carry__3_n_0
    SLICE_X5Y101         CARRY4 (Prop_carry4_CI_O[1])
                                                      0.334     8.737 r  BCD_CONV/tens1__54_carry__4/O[1]
                         net (fo=4, routed)           1.174     9.911    RESULT_REG/tens1__110_carry__5[0]
    SLICE_X3Y100         LUT6 (Prop_lut6_I0_O)        0.303    10.214 r  RESULT_REG/tens1__110_carry__5_i_3/O
                         net (fo=2, routed)           0.828    11.042    RESULT_REG/q_reg[7]_0[0]
    SLICE_X4Y101         LUT6 (Prop_lut6_I0_O)        0.124    11.166 r  RESULT_REG/tens1__110_carry__5_i_7/O
                         net (fo=1, routed)           0.000    11.166    BCD_CONV/ones1_carry_i_3_0[0]
    SLICE_X4Y101         CARRY4 (Prop_carry4_S[1]_CO[3])
                                                      0.550    11.716 r  BCD_CONV/tens1__110_carry__5/CO[3]
                         net (fo=1, routed)           0.000    11.716    BCD_CONV/tens1__110_carry__5_n_0
    SLICE_X4Y102         CARRY4 (Prop_carry4_CI_O[1])
                                                      0.334    12.050 r  BCD_CONV/tens1__110_carry__6/O[1]
                         net (fo=10, routed)          1.147    13.197    RESULT_REG/ones2_carry__0_2[1]
    SLICE_X8Y101         LUT2 (Prop_lut2_I0_O)        0.303    13.500 r  RESULT_REG/tens1__175_carry_i_2/O
                         net (fo=1, routed)           0.000    13.500    BCD_CONV/tens1__193_carry_i_7[1]
    SLICE_X8Y101         CARRY4 (Prop_carry4_S[2]_CO[3])
                                                      0.380    13.880 r  BCD_CONV/tens1__175_carry/CO[3]
                         net (fo=1, routed)           0.000    13.880    BCD_CONV/tens1__175_carry_n_0
    SLICE_X8Y102         CARRY4 (Prop_carry4_CI_O[0])
                                                      0.219    14.099 r  BCD_CONV/tens1__175_carry__0/O[0]
                         net (fo=3, routed)           0.916    15.015    RESULT_REG/tens1__193_carry__0[0]
    SLICE_X7Y102         LUT4 (Prop_lut4_I1_O)        0.295    15.310 r  RESULT_REG/tens1__193_carry__0_i_6/O
                         net (fo=1, routed)           0.000    15.310    BCD_CONV/tens1__193_carry__1_1[1]
    SLICE_X7Y102         CARRY4 (Prop_carry4_S[1]_CO[3])
                                                      0.550    15.860 r  BCD_CONV/tens1__193_carry__0/CO[3]
                         net (fo=1, routed)           0.000    15.860    BCD_CONV/tens1__193_carry__0_n_0
    SLICE_X7Y103         CARRY4 (Prop_carry4_CI_CO[0])
                                                      0.271    16.131 r  BCD_CONV/tens1__193_carry__1/CO[0]
                         net (fo=24, routed)          1.019    17.151    BCD_CONV/tens1__193_carry__1_i_1[0]
    SLICE_X6Y101         LUT5 (Prop_lut5_I3_O)        0.373    17.524 r  BCD_CONV/ones2_carry_i_6/O
                         net (fo=1, routed)           0.000    17.524    BCD_CONV/ones2_carry_i_6_n_0
    SLICE_X6Y101         CARRY4 (Prop_carry4_S[1]_O[3])
                                                      0.643    18.167 r  BCD_CONV/ones2_carry/O[3]
                         net (fo=1, routed)           0.731    18.897    RESULT_REG/ones1_carry__1[3]
    SLICE_X3Y102         LUT2 (Prop_lut2_I1_O)        0.307    19.204 r  RESULT_REG/ones1_carry__0_i_3/O
                         net (fo=1, routed)           0.000    19.204    BCD_CONV/seg_OBUF[6]_inst_i_10_0[1]
    SLICE_X3Y102         CARRY4 (Prop_carry4_S[1]_CO[3])
                                                      0.550    19.754 r  BCD_CONV/ones1_carry__0/CO[3]
                         net (fo=1, routed)           0.000    19.754    BCD_CONV/ones1_carry__0_n_0
    SLICE_X3Y103         CARRY4 (Prop_carry4_CI_CO[3])
                                                      0.114    19.868 r  BCD_CONV/ones1_carry__1/CO[3]
                         net (fo=1, routed)           0.000    19.868    BCD_CONV/ones1_carry__1_n_0
    SLICE_X3Y104         CARRY4 (Prop_carry4_CI_CO[0])
                                                      0.271    20.139 r  BCD_CONV/seg_OBUF[6]_inst_i_11/CO[0]
                         net (fo=3, routed)           0.994    21.133    BCD_CONV/seg_OBUF[6]_inst_i_11_n_3
    SLICE_X2Y102         LUT5 (Prop_lut5_I2_O)        0.373    21.506 f  BCD_CONV/seg_OBUF[6]_inst_i_10/O
                         net (fo=4, routed)           0.750    22.256    BCD_CONV/seg_OBUF[6]_inst_i_10_n_0
    SLICE_X2Y103         LUT6 (Prop_lut6_I1_O)        0.124    22.380 r  BCD_CONV/seg_OBUF[6]_inst_i_8/O
                         net (fo=7, routed)           0.996    23.377    BCD_CONV/ones[2]
    SLICE_X1Y101         LUT5 (Prop_lut5_I4_O)        0.152    23.529 r  BCD_CONV/seg_OBUF[2]_inst_i_3/O
                         net (fo=1, routed)           0.433    23.962    RESULT_REG/seg[2]
    SLICE_X1Y101         LUT4 (Prop_lut4_I3_O)        0.355    24.317 r  RESULT_REG/seg_OBUF[2]_inst_i_1/O
                         net (fo=1, routed)           1.674    25.991    seg_OBUF[2]
    K16                  OBUF (Prop_obuf_I_O)         3.696    29.687 r  seg_OBUF[2]_inst/O
                         net (fo=0)                   0.000    29.687    seg[2]
    K16                                                               r  seg[2] (OUT)
  -------------------------------------------------------------------    -------------------

Slack:                    inf
  Source:                 RESULT_REG/q_reg[5]/C
                            (rising edge-triggered cell FDCE clocked by sys_clk_pin  {rise@0.000ns fall@5.000ns period=10.000ns})
  Destination:            seg[3]
                            (output port)
  Path Group:             (none)
  Path Type:              Max at Slow Process Corner
  Data Path Delay:        24.056ns  (logic 11.635ns (48.368%)  route 12.420ns (51.632%))
  Logic Levels:           27  (CARRY4=16 LUT2=2 LUT4=1 LUT5=2 LUT6=5 OBUF=1)
  Clock Uncertainty:      0.025ns  ((TSJ^2 + TIJ^2)^1/2 + DJ) / 2 + PE
    Total System Jitter     (TSJ):    0.050ns
    Total Input Jitter      (TIJ):    0.000ns
    Discrete Jitter          (DJ):    0.000ns
    Phase Error              (PE):    0.000ns

    Location             Delay type                Incr(ns)  Path(ns)    Netlist Resource(s)
  -------------------------------------------------------------------    -------------------
                         (clock sys_clk_pin rise edge)
                                                      0.000     0.000 r  
    E3                                                0.000     0.000 r  clk (IN)
                         net (fo=0)                   0.000     0.000    clk
    E3                   IBUF (Prop_ibuf_I_O)         1.482     1.482 r  clk_IBUF_inst/O
                         net (fo=1, routed)           2.025     3.506    clk_IBUF
    BUFGCTRL_X0Y16       BUFG (Prop_bufg_I_O)         0.096     3.602 r  clk_IBUF_BUFG_inst/O
                         net (fo=33, routed)          1.725     5.328    RESULT_REG/CLK
    SLICE_X0Y95          FDCE                                         r  RESULT_REG/q_reg[5]/C
  -------------------------------------------------------------------    -------------------
    SLICE_X0Y95          FDCE (Prop_fdce_C_Q)         0.456     5.784 r  RESULT_REG/q_reg[5]/Q
                         net (fo=27, routed)          1.656     7.439    BCD_CONV/Q[5]
    SLICE_X5Y96          CARRY4 (Prop_carry4_DI[1]_CO[3])
                                                      0.507     7.946 r  BCD_CONV/tens1__54_carry/CO[3]
                         net (fo=1, routed)           0.000     7.946    BCD_CONV/tens1__54_carry_n_0
    SLICE_X5Y97          CARRY4 (Prop_carry4_CI_CO[3])
                                                      0.114     8.060 r  BCD_CONV/tens1__54_carry__0/CO[3]
                         net (fo=1, routed)           0.000     8.060    BCD_CONV/tens1__54_carry__0_n_0
    SLICE_X5Y98          CARRY4 (Prop_carry4_CI_CO[3])
                                                      0.114     8.174 r  BCD_CONV/tens1__54_carry__1/CO[3]
                         net (fo=1, routed)           0.000     8.174    BCD_CONV/tens1__54_carry__1_n_0
    SLICE_X5Y99          CARRY4 (Prop_carry4_CI_CO[3])
                                                      0.114     8.288 r  BCD_CONV/tens1__54_carry__2/CO[3]
                         net (fo=1, routed)           0.001     8.289    BCD_CONV/tens1__54_carry__2_n_0
    SLICE_X5Y100         CARRY4 (Prop_carry4_CI_CO[3])
                                                      0.114     8.403 r  BCD_CONV/tens1__54_carry__3/CO[3]
                         net (fo=1, routed)           0.000     8.403    BCD_CONV/tens1__54_carry__3_n_0
    SLICE_X5Y101         CARRY4 (Prop_carry4_CI_O[1])
                                                      0.334     8.737 r  BCD_CONV/tens1__54_carry__4/O[1]
                         net (fo=4, routed)           1.174     9.911    RESULT_REG/tens1__110_carry__5[0]
    SLICE_X3Y100         LUT6 (Prop_lut6_I0_O)        0.303    10.214 r  RESULT_REG/tens1__110_carry__5_i_3/O
                         net (fo=2, routed)           0.828    11.042    RESULT_REG/q_reg[7]_0[0]
    SLICE_X4Y101         LUT6 (Prop_lut6_I0_O)        0.124    11.166 r  RESULT_REG/tens1__110_carry__5_i_7/O
                         net (fo=1, routed)           0.000    11.166    BCD_CONV/ones1_carry_i_3_0[0]
    SLICE_X4Y101         CARRY4 (Prop_carry4_S[1]_CO[3])
                                                      0.550    11.716 r  BCD_CONV/tens1__110_carry__5/CO[3]
                         net (fo=1, routed)           0.000    11.716    BCD_CONV/tens1__110_carry__5_n_0
    SLICE_X4Y102         CARRY4 (Prop_carry4_CI_O[1])
                                                      0.334    12.050 r  BCD_CONV/tens1__110_carry__6/O[1]
                         net (fo=10, routed)          1.147    13.197    RESULT_REG/ones2_carry__0_2[1]
    SLICE_X8Y101         LUT2 (Prop_lut2_I0_O)        0.303    13.500 r  RESULT_REG/tens1__175_carry_i_2/O
                         net (fo=1, routed)           0.000    13.500    BCD_CONV/tens1__193_carry_i_7[1]
    SLICE_X8Y101         CARRY4 (Prop_carry4_S[2]_CO[3])
                                                      0.380    13.880 r  BCD_CONV/tens1__175_carry/CO[3]
                         net (fo=1, routed)           0.000    13.880    BCD_CONV/tens1__175_carry_n_0
    SLICE_X8Y102         CARRY4 (Prop_carry4_CI_O[0])
                                                      0.219    14.099 r  BCD_CONV/tens1__175_carry__0/O[0]
                         net (fo=3, routed)           0.916    15.015    RESULT_REG/tens1__193_carry__0[0]
    SLICE_X7Y102         LUT4 (Prop_lut4_I1_O)        0.295    15.310 r  RESULT_REG/tens1__193_carry__0_i_6/O
                         net (fo=1, routed)           0.000    15.310    BCD_CONV/tens1__193_carry__1_1[1]
    SLICE_X7Y102         CARRY4 (Prop_carry4_S[1]_CO[3])
                                                      0.550    15.860 r  BCD_CONV/tens1__193_carry__0/CO[3]
                         net (fo=1, routed)           0.000    15.860    BCD_CONV/tens1__193_carry__0_n_0
    SLICE_X7Y103         CARRY4 (Prop_carry4_CI_CO[0])
                                                      0.271    16.131 r  BCD_CONV/tens1__193_carry__1/CO[0]
                         net (fo=24, routed)          1.019    17.151    BCD_CONV/tens1__193_carry__1_i_1[0]
    SLICE_X6Y101         LUT5 (Prop_lut5_I3_O)        0.373    17.524 r  BCD_CONV/ones2_carry_i_6/O
                         net (fo=1, routed)           0.000    17.524    BCD_CONV/ones2_carry_i_6_n_0
    SLICE_X6Y101         CARRY4 (Prop_carry4_S[1]_O[3])
                                                      0.643    18.167 r  BCD_CONV/ones2_carry/O[3]
                         net (fo=1, routed)           0.731    18.897    RESULT_REG/ones1_carry__1[3]
    SLICE_X3Y102         LUT2 (Prop_lut2_I1_O)        0.307    19.204 r  RESULT_REG/ones1_carry__0_i_3/O
                         net (fo=1, routed)           0.000    19.204    BCD_CONV/seg_OBUF[6]_inst_i_10_0[1]
    SLICE_X3Y102         CARRY4 (Prop_carry4_S[1]_CO[3])
                                                      0.550    19.754 r  BCD_CONV/ones1_carry__0/CO[3]
                         net (fo=1, routed)           0.000    19.754    BCD_CONV/ones1_carry__0_n_0
    SLICE_X3Y103         CARRY4 (Prop_carry4_CI_CO[3])
                                                      0.114    19.868 r  BCD_CONV/ones1_carry__1/CO[3]
                         net (fo=1, routed)           0.000    19.868    BCD_CONV/ones1_carry__1_n_0
    SLICE_X3Y104         CARRY4 (Prop_carry4_CI_CO[0])
                                                      0.271    20.139 f  BCD_CONV/seg_OBUF[6]_inst_i_11/CO[0]
                         net (fo=3, routed)           0.994    21.133    BCD_CONV/seg_OBUF[6]_inst_i_11_n_3
    SLICE_X2Y102         LUT5 (Prop_lut5_I2_O)        0.373    21.506 r  BCD_CONV/seg_OBUF[6]_inst_i_10/O
                         net (fo=4, routed)           0.792    22.298    BCD_CONV/seg_OBUF[6]_inst_i_10_n_0
    SLICE_X1Y103         LUT6 (Prop_lut6_I4_O)        0.124    22.422 r  BCD_CONV/seg_OBUF[6]_inst_i_6/O
                         net (fo=7, routed)           0.680    23.102    BCD_CONV/ones[0]
    SLICE_X0Y103         LUT6 (Prop_lut6_I3_O)        0.124    23.226 r  BCD_CONV/seg_OBUF[3]_inst_i_2/O
                         net (fo=1, routed)           0.420    23.646    RESULT_REG/seg[3]
    SLICE_X0Y102         LUT6 (Prop_lut6_I0_O)        0.124    23.770 r  RESULT_REG/seg_OBUF[3]_inst_i_1/O
                         net (fo=1, routed)           2.063    25.833    seg_OBUF[3]
    K13                  OBUF (Prop_obuf_I_O)         3.550    29.383 r  seg_OBUF[3]_inst/O
                         net (fo=0)                   0.000    29.383    seg[3]
    K13                                                               r  seg[3] (OUT)
  -------------------------------------------------------------------    -------------------

Slack:                    inf
  Source:                 display_select_reg/C
                            (rising edge-triggered cell FDCE clocked by sys_clk_pin  {rise@0.000ns fall@5.000ns period=10.000ns})
  Destination:            an[1]
                            (output port)
  Path Group:             (none)
  Path Type:              Max at Slow Process Corner
  Data Path Delay:        6.758ns  (logic 4.344ns (64.275%)  route 2.414ns (35.725%))
  Logic Levels:           2  (LUT1=1 OBUF=1)
  Clock Uncertainty:      0.025ns  ((TSJ^2 + TIJ^2)^1/2 + DJ) / 2 + PE
    Total System Jitter     (TSJ):    0.050ns
    Total Input Jitter      (TIJ):    0.000ns
    Discrete Jitter          (DJ):    0.000ns
    Phase Error              (PE):    0.000ns

    Location             Delay type                Incr(ns)  Path(ns)    Netlist Resource(s)
  -------------------------------------------------------------------    -------------------
                         (clock sys_clk_pin rise edge)
                                                      0.000     0.000 r  
    E3                                                0.000     0.000 r  clk (IN)
                         net (fo=0)                   0.000     0.000    clk
    E3                   IBUF (Prop_ibuf_I_O)         1.482     1.482 r  clk_IBUF_inst/O
                         net (fo=1, routed)           2.025     3.506    clk_IBUF
    BUFGCTRL_X0Y16       BUFG (Prop_bufg_I_O)         0.096     3.602 r  clk_IBUF_BUFG_inst/O
                         net (fo=33, routed)          1.709     5.311    clk_IBUF_BUFG
    SLICE_X1Y104         FDCE                                         r  display_select_reg/C
  -------------------------------------------------------------------    -------------------
    SLICE_X1Y104         FDCE (Prop_fdce_C_Q)         0.456     5.767 f  display_select_reg/Q
                         net (fo=15, routed)          0.714     6.482    an_OBUF[0]
    SLICE_X0Y102         LUT1 (Prop_lut1_I0_O)        0.150     6.632 r  an_OBUF[1]_inst_i_1/O
                         net (fo=1, routed)           1.700     8.332    an_OBUF[1]
    J18                  OBUF (Prop_obuf_I_O)         3.738    12.069 r  an_OBUF[1]_inst/O
                         net (fo=0)                   0.000    12.069    an[1]
    J18                                                               r  an[1] (OUT)
  -------------------------------------------------------------------    -------------------

Slack:                    inf
  Source:                 RESULT_REG/q_reg[6]_lopt_replica/C
                            (rising edge-triggered cell FDCE clocked by sys_clk_pin  {rise@0.000ns fall@5.000ns period=10.000ns})
  Destination:            led[6]
                            (output port)
  Path Group:             (none)
  Path Type:              Max at Slow Process Corner
  Data Path Delay:        6.718ns  (logic 4.011ns (59.705%)  route 2.707ns (40.295%))
  Logic Levels:           1  (OBUF=1)
  Clock Uncertainty:      0.025ns  ((TSJ^2 + TIJ^2)^1/2 + DJ) / 2 + PE
    Total System Jitter     (TSJ):    0.050ns
    Total Input Jitter      (TIJ):    0.000ns
    Discrete Jitter          (DJ):    0.000ns
    Phase Error              (PE):    0.000ns

    Location             Delay type                Incr(ns)  Path(ns)    Netlist Resource(s)
  -------------------------------------------------------------------    -------------------
                         (clock sys_clk_pin rise edge)
                                                      0.000     0.000 r  
    E3                                                0.000     0.000 r  clk (IN)
                         net (fo=0)                   0.000     0.000    clk
    E3                   IBUF (Prop_ibuf_I_O)         1.482     1.482 r  clk_IBUF_inst/O
                         net (fo=1, routed)           2.025     3.506    clk_IBUF
    BUFGCTRL_X0Y16       BUFG (Prop_bufg_I_O)         0.096     3.602 r  clk_IBUF_BUFG_inst/O
                         net (fo=33, routed)          1.724     5.327    RESULT_REG/CLK
    SLICE_X3Y92          FDCE                                         r  RESULT_REG/q_reg[6]_lopt_replica/C
  -------------------------------------------------------------------    -------------------
    SLICE_X3Y92          FDCE (Prop_fdce_C_Q)         0.456     5.783 r  RESULT_REG/q_reg[6]_lopt_replica/Q
                         net (fo=1, routed)           2.707     8.490    lopt_6
    U17                  OBUF (Prop_obuf_I_O)         3.555    12.045 r  led_OBUF[6]_inst/O
                         net (fo=0)                   0.000    12.045    led[6]
    U17                                                               r  led[6] (OUT)
  -------------------------------------------------------------------    -------------------

Slack:                    inf
  Source:                 RESULT_REG/q_reg[7]_lopt_replica/C
                            (rising edge-triggered cell FDCE clocked by sys_clk_pin  {rise@0.000ns fall@5.000ns period=10.000ns})
  Destination:            led[7]
                            (output port)
  Path Group:             (none)
  Path Type:              Max at Slow Process Corner
  Data Path Delay:        6.573ns  (logic 4.011ns (61.022%)  route 2.562ns (38.978%))
  Logic Levels:           1  (OBUF=1)
  Clock Uncertainty:      0.025ns  ((TSJ^2 + TIJ^2)^1/2 + DJ) / 2 + PE
    Total System Jitter     (TSJ):    0.050ns
    Total Input Jitter      (TIJ):    0.000ns
    Discrete Jitter          (DJ):    0.000ns
    Phase Error              (PE):    0.000ns

    Location             Delay type                Incr(ns)  Path(ns)    Netlist Resource(s)
  -------------------------------------------------------------------    -------------------
                         (clock sys_clk_pin rise edge)
                                                      0.000     0.000 r  
    E3                                                0.000     0.000 r  clk (IN)
                         net (fo=0)                   0.000     0.000    clk
    E3                   IBUF (Prop_ibuf_I_O)         1.482     1.482 r  clk_IBUF_inst/O
                         net (fo=1, routed)           2.025     3.506    clk_IBUF
    BUFGCTRL_X0Y16       BUFG (Prop_bufg_I_O)         0.096     3.602 r  clk_IBUF_BUFG_inst/O
                         net (fo=33, routed)          1.725     5.328    RESULT_REG/CLK
    SLICE_X1Y93          FDCE                                         r  RESULT_REG/q_reg[7]_lopt_replica/C
  -------------------------------------------------------------------    -------------------
    SLICE_X1Y93          FDCE (Prop_fdce_C_Q)         0.456     5.784 r  RESULT_REG/q_reg[7]_lopt_replica/Q
                         net (fo=1, routed)           2.562     8.346    lopt_7
    U16                  OBUF (Prop_obuf_I_O)         3.555    11.901 r  led_OBUF[7]_inst/O
                         net (fo=0)                   0.000    11.901    led[7]
    U16                                                               r  led[7] (OUT)
  -------------------------------------------------------------------    -------------------





Min Delay Paths
--------------------------------------------------------------------------------------
Slack:                    inf
  Source:                 display_select_reg/C
                            (rising edge-triggered cell FDCE clocked by sys_clk_pin  {rise@0.000ns fall@5.000ns period=10.000ns})
  Destination:            an[0]
                            (output port)
  Path Group:             (none)
  Path Type:              Min at Fast Process Corner
  Data Path Delay:        1.695ns  (logic 1.377ns (81.244%)  route 0.318ns (18.756%))
  Logic Levels:           1  (OBUF=1)
  Clock Uncertainty:      0.025ns  ((TSJ^2 + TIJ^2)^1/2 + DJ) / 2 + PE
    Total System Jitter     (TSJ):    0.050ns
    Total Input Jitter      (TIJ):    0.000ns
    Discrete Jitter          (DJ):    0.000ns
    Phase Error              (PE):    0.000ns

    Location             Delay type                Incr(ns)  Path(ns)    Netlist Resource(s)
  -------------------------------------------------------------------    -------------------
                         (clock sys_clk_pin rise edge)
                                                      0.000     0.000 r  
    E3                                                0.000     0.000 r  clk (IN)
                         net (fo=0)                   0.000     0.000    clk
    E3                   IBUF (Prop_ibuf_I_O)         0.250     0.250 r  clk_IBUF_inst/O
                         net (fo=1, routed)           0.644     0.894    clk_IBUF
    BUFGCTRL_X0Y16       BUFG (Prop_bufg_I_O)         0.026     0.920 r  clk_IBUF_BUFG_inst/O
                         net (fo=33, routed)          0.598     1.517    clk_IBUF_BUFG
    SLICE_X1Y104         FDCE                                         r  display_select_reg/C
  -------------------------------------------------------------------    -------------------
    SLICE_X1Y104         FDCE (Prop_fdce_C_Q)         0.141     1.658 r  display_select_reg/Q
                         net (fo=15, routed)          0.318     1.976    an_OBUF[0]
    J17                  OBUF (Prop_obuf_I_O)         1.236     3.213 r  an_OBUF[0]_inst/O
                         net (fo=0)                   0.000     3.213    an[0]
    J17                                                               r  an[0] (OUT)
  -------------------------------------------------------------------    -------------------

Slack:                    inf
  Source:                 RESULT_REG/q_reg[1]_lopt_replica/C
                            (rising edge-triggered cell FDCE clocked by sys_clk_pin  {rise@0.000ns fall@5.000ns period=10.000ns})
  Destination:            led[1]
                            (output port)
  Path Group:             (none)
  Path Type:              Min at Fast Process Corner
  Data Path Delay:        1.797ns  (logic 1.377ns (76.627%)  route 0.420ns (23.373%))
  Logic Levels:           1  (OBUF=1)
  Clock Uncertainty:      0.025ns  ((TSJ^2 + TIJ^2)^1/2 + DJ) / 2 + PE
    Total System Jitter     (TSJ):    0.050ns
    Total Input Jitter      (TIJ):    0.000ns
    Discrete Jitter          (DJ):    0.000ns
    Phase Error              (PE):    0.000ns

    Location             Delay type                Incr(ns)  Path(ns)    Netlist Resource(s)
  -------------------------------------------------------------------    -------------------
                         (clock sys_clk_pin rise edge)
                                                      0.000     0.000 r  
    E3                                                0.000     0.000 r  clk (IN)
                         net (fo=0)                   0.000     0.000    clk
    E3                   IBUF (Prop_ibuf_I_O)         0.250     0.250 r  clk_IBUF_inst/O
                         net (fo=1, routed)           0.644     0.894    clk_IBUF
    BUFGCTRL_X0Y16       BUFG (Prop_bufg_I_O)         0.026     0.920 r  clk_IBUF_BUFG_inst/O
                         net (fo=33, routed)          0.604     1.523    RESULT_REG/CLK
    SLICE_X0Y96          FDCE                                         r  RESULT_REG/q_reg[1]_lopt_replica/C
  -------------------------------------------------------------------    -------------------
    SLICE_X0Y96          FDCE (Prop_fdce_C_Q)         0.141     1.664 r  RESULT_REG/q_reg[1]_lopt_replica/Q
                         net (fo=1, routed)           0.420     2.084    lopt_1
    K15                  OBUF (Prop_obuf_I_O)         1.236     3.321 r  led_OBUF[1]_inst/O
                         net (fo=0)                   0.000     3.321    led[1]
    K15                                                               r  led[1] (OUT)
  -------------------------------------------------------------------    -------------------

Slack:                    inf
  Source:                 RESULT_REG/q_reg[4]_lopt_replica/C
                            (rising edge-triggered cell FDCE clocked by sys_clk_pin  {rise@0.000ns fall@5.000ns period=10.000ns})
  Destination:            led[4]
                            (output port)
  Path Group:             (none)
  Path Type:              Min at Fast Process Corner
  Data Path Delay:        1.815ns  (logic 1.393ns (76.750%)  route 0.422ns (23.250%))
  Logic Levels:           1  (OBUF=1)
  Clock Uncertainty:      0.025ns  ((TSJ^2 + TIJ^2)^1/2 + DJ) / 2 + PE
    Total System Jitter     (TSJ):    0.050ns
    Total Input Jitter      (TIJ):    0.000ns
    Discrete Jitter          (DJ):    0.000ns
    Phase Error              (PE):    0.000ns

    Location             Delay type                Incr(ns)  Path(ns)    Netlist Resource(s)
  -------------------------------------------------------------------    -------------------
                         (clock sys_clk_pin rise edge)
                                                      0.000     0.000 r  
    E3                                                0.000     0.000 r  clk (IN)
                         net (fo=0)                   0.000     0.000    clk
    E3                   IBUF (Prop_ibuf_I_O)         0.250     0.250 r  clk_IBUF_inst/O
                         net (fo=1, routed)           0.644     0.894    clk_IBUF
    BUFGCTRL_X0Y16       BUFG (Prop_bufg_I_O)         0.026     0.920 r  clk_IBUF_BUFG_inst/O
                         net (fo=33, routed)          0.604     1.523    RESULT_REG/CLK
    SLICE_X1Y93          FDCE                                         r  RESULT_REG/q_reg[4]_lopt_replica/C
  -------------------------------------------------------------------    -------------------
    SLICE_X1Y93          FDCE (Prop_fdce_C_Q)         0.141     1.664 r  RESULT_REG/q_reg[4]_lopt_replica/Q
                         net (fo=1, routed)           0.422     2.086    lopt_4
    R18                  OBUF (Prop_obuf_I_O)         1.252     3.339 r  led_OBUF[4]_inst/O
                         net (fo=0)                   0.000     3.339    led[4]
    R18                                                               r  led[4] (OUT)
  -------------------------------------------------------------------    -------------------

Slack:                    inf
  Source:                 RESULT_REG/q_reg[3]_lopt_replica/C
                            (rising edge-triggered cell FDCE clocked by sys_clk_pin  {rise@0.000ns fall@5.000ns period=10.000ns})
  Destination:            led[3]
                            (output port)
  Path Group:             (none)
  Path Type:              Min at Fast Process Corner
  Data Path Delay:        1.870ns  (logic 1.392ns (74.467%)  route 0.477ns (25.533%))
  Logic Levels:           1  (OBUF=1)
  Clock Uncertainty:      0.025ns  ((TSJ^2 + TIJ^2)^1/2 + DJ) / 2 + PE
    Total System Jitter     (TSJ):    0.050ns
    Total Input Jitter      (TIJ):    0.000ns
    Discrete Jitter          (DJ):    0.000ns
    Phase Error              (PE):    0.000ns

    Location             Delay type                Incr(ns)  Path(ns)    Netlist Resource(s)
  -------------------------------------------------------------------    -------------------
                         (clock sys_clk_pin rise edge)
                                                      0.000     0.000 r  
    E3                                                0.000     0.000 r  clk (IN)
                         net (fo=0)                   0.000     0.000    clk
    E3                   IBUF (Prop_ibuf_I_O)         0.250     0.250 r  clk_IBUF_inst/O
                         net (fo=1, routed)           0.644     0.894    clk_IBUF
    BUFGCTRL_X0Y16       BUFG (Prop_bufg_I_O)         0.026     0.920 r  clk_IBUF_BUFG_inst/O
                         net (fo=33, routed)          0.602     1.521    RESULT_REG/CLK
    SLICE_X5Y92          FDCE                                         r  RESULT_REG/q_reg[3]_lopt_replica/C
  -------------------------------------------------------------------    -------------------
    SLICE_X5Y92          FDCE (Prop_fdce_C_Q)         0.141     1.662 r  RESULT_REG/q_reg[3]_lopt_replica/Q
                         net (fo=1, routed)           0.477     2.140    lopt_3
    N14                  OBUF (Prop_obuf_I_O)         1.251     3.391 r  led_OBUF[3]_inst/O
                         net (fo=0)                   0.000     3.391    led[3]
    N14                                                               r  led[3] (OUT)
  -------------------------------------------------------------------    -------------------

Slack:                    inf
  Source:                 RESULT_REG/q_reg[0]_lopt_replica/C
                            (rising edge-triggered cell FDCE clocked by sys_clk_pin  {rise@0.000ns fall@5.000ns period=10.000ns})
  Destination:            led[0]
                            (output port)
  Path Group:             (none)
  Path Type:              Min at Fast Process Corner
  Data Path Delay:        1.962ns  (logic 1.385ns (70.622%)  route 0.576ns (29.378%))
  Logic Levels:           1  (OBUF=1)
  Clock Uncertainty:      0.025ns  ((TSJ^2 + TIJ^2)^1/2 + DJ) / 2 + PE
    Total System Jitter     (TSJ):    0.050ns
    Total Input Jitter      (TIJ):    0.000ns
    Discrete Jitter          (DJ):    0.000ns
    Phase Error              (PE):    0.000ns

    Location             Delay type                Incr(ns)  Path(ns)    Netlist Resource(s)
  -------------------------------------------------------------------    -------------------
                         (clock sys_clk_pin rise edge)
                                                      0.000     0.000 r  
    E3                                                0.000     0.000 r  clk (IN)
                         net (fo=0)                   0.000     0.000    clk
    E3                   IBUF (Prop_ibuf_I_O)         0.250     0.250 r  clk_IBUF_inst/O
                         net (fo=1, routed)           0.644     0.894    clk_IBUF
    BUFGCTRL_X0Y16       BUFG (Prop_bufg_I_O)         0.026     0.920 r  clk_IBUF_BUFG_inst/O
                         net (fo=33, routed)          0.604     1.523    RESULT_REG/CLK
    SLICE_X2Y95          FDCE                                         r  RESULT_REG/q_reg[0]_lopt_replica/C
  -------------------------------------------------------------------    -------------------
    SLICE_X2Y95          FDCE (Prop_fdce_C_Q)         0.164     1.687 r  RESULT_REG/q_reg[0]_lopt_replica/Q
                         net (fo=1, routed)           0.576     2.264    lopt
    H17                  OBUF (Prop_obuf_I_O)         1.221     3.485 r  led_OBUF[0]_inst/O
                         net (fo=0)                   0.000     3.485    led[0]
    H17                                                               r  led[0] (OUT)
  -------------------------------------------------------------------    -------------------

Slack:                    inf
  Source:                 RESULT_REG/q_reg[2]_lopt_replica/C
                            (rising edge-triggered cell FDCE clocked by sys_clk_pin  {rise@0.000ns fall@5.000ns period=10.000ns})
  Destination:            led[2]
                            (output port)
  Path Group:             (none)
  Path Type:              Min at Fast Process Corner
  Data Path Delay:        1.994ns  (logic 1.417ns (71.092%)  route 0.576ns (28.908%))
  Logic Levels:           1  (OBUF=1)
  Clock Uncertainty:      0.025ns  ((TSJ^2 + TIJ^2)^1/2 + DJ) / 2 + PE
    Total System Jitter     (TSJ):    0.050ns
    Total Input Jitter      (TIJ):    0.000ns
    Discrete Jitter          (DJ):    0.000ns
    Phase Error              (PE):    0.000ns

    Location             Delay type                Incr(ns)  Path(ns)    Netlist Resource(s)
  -------------------------------------------------------------------    -------------------
                         (clock sys_clk_pin rise edge)
                                                      0.000     0.000 r  
    E3                                                0.000     0.000 r  clk (IN)
                         net (fo=0)                   0.000     0.000    clk
    E3                   IBUF (Prop_ibuf_I_O)         0.250     0.250 r  clk_IBUF_inst/O
                         net (fo=1, routed)           0.644     0.894    clk_IBUF
    BUFGCTRL_X0Y16       BUFG (Prop_bufg_I_O)         0.026     0.920 r  clk_IBUF_BUFG_inst/O
                         net (fo=33, routed)          0.604     1.523    RESULT_REG/CLK
    SLICE_X2Y96          FDCE                                         r  RESULT_REG/q_reg[2]_lopt_replica/C
  -------------------------------------------------------------------    -------------------
    SLICE_X2Y96          FDCE (Prop_fdce_C_Q)         0.164     1.687 r  RESULT_REG/q_reg[2]_lopt_replica/Q
                         net (fo=1, routed)           0.576     2.264    lopt_2
    J13                  OBUF (Prop_obuf_I_O)         1.253     3.517 r  led_OBUF[2]_inst/O
                         net (fo=0)                   0.000     3.517    led[2]
    J13                                                               r  led[2] (OUT)
  -------------------------------------------------------------------    -------------------

Slack:                    inf
  Source:                 display_select_reg/C
                            (rising edge-triggered cell FDCE clocked by sys_clk_pin  {rise@0.000ns fall@5.000ns period=10.000ns})
  Destination:            an[1]
                            (output port)
  Path Group:             (none)
  Path Type:              Min at Fast Process Corner
  Data Path Delay:        2.123ns  (logic 1.481ns (69.792%)  route 0.641ns (30.208%))
  Logic Levels:           2  (LUT1=1 OBUF=1)
  Clock Uncertainty:      0.025ns  ((TSJ^2 + TIJ^2)^1/2 + DJ) / 2 + PE
    Total System Jitter     (TSJ):    0.050ns
    Total Input Jitter      (TIJ):    0.000ns
    Discrete Jitter          (DJ):    0.000ns
    Phase Error              (PE):    0.000ns

    Location             Delay type                Incr(ns)  Path(ns)    Netlist Resource(s)
  -------------------------------------------------------------------    -------------------
                         (clock sys_clk_pin rise edge)
                                                      0.000     0.000 r  
    E3                                                0.000     0.000 r  clk (IN)
                         net (fo=0)                   0.000     0.000    clk
    E3                   IBUF (Prop_ibuf_I_O)         0.250     0.250 r  clk_IBUF_inst/O
                         net (fo=1, routed)           0.644     0.894    clk_IBUF
    BUFGCTRL_X0Y16       BUFG (Prop_bufg_I_O)         0.026     0.920 r  clk_IBUF_BUFG_inst/O
                         net (fo=33, routed)          0.598     1.517    clk_IBUF_BUFG
    SLICE_X1Y104         FDCE                                         r  display_select_reg/C
  -------------------------------------------------------------------    -------------------
    SLICE_X1Y104         FDCE (Prop_fdce_C_Q)         0.141     1.658 f  display_select_reg/Q
                         net (fo=15, routed)          0.293     1.952    an_OBUF[0]
    SLICE_X0Y102         LUT1 (Prop_lut1_I0_O)        0.042     1.994 r  an_OBUF[1]_inst_i_1/O
                         net (fo=1, routed)           0.348     2.342    an_OBUF[1]
    J18                  OBUF (Prop_obuf_I_O)         1.298     3.640 r  an_OBUF[1]_inst/O
                         net (fo=0)                   0.000     3.640    an[1]
    J18                                                               r  an[1] (OUT)
  -------------------------------------------------------------------    -------------------

Slack:                    inf
  Source:                 RESULT_REG/q_reg[5]_lopt_replica/C
                            (rising edge-triggered cell FDCE clocked by sys_clk_pin  {rise@0.000ns fall@5.000ns period=10.000ns})
  Destination:            led[5]
                            (output port)
  Path Group:             (none)
  Path Type:              Min at Fast Process Corner
  Data Path Delay:        2.125ns  (logic 1.393ns (65.561%)  route 0.732ns (34.439%))
  Logic Levels:           1  (OBUF=1)
  Clock Uncertainty:      0.025ns  ((TSJ^2 + TIJ^2)^1/2 + DJ) / 2 + PE
    Total System Jitter     (TSJ):    0.050ns
    Total Input Jitter      (TIJ):    0.000ns
    Discrete Jitter          (DJ):    0.000ns
    Phase Error              (PE):    0.000ns

    Location             Delay type                Incr(ns)  Path(ns)    Netlist Resource(s)
  -------------------------------------------------------------------    -------------------
                         (clock sys_clk_pin rise edge)
                                                      0.000     0.000 r  
    E3                                                0.000     0.000 r  clk (IN)
                         net (fo=0)                   0.000     0.000    clk
    E3                   IBUF (Prop_ibuf_I_O)         0.250     0.250 r  clk_IBUF_inst/O
                         net (fo=1, routed)           0.644     0.894    clk_IBUF
    BUFGCTRL_X0Y16       BUFG (Prop_bufg_I_O)         0.026     0.920 r  clk_IBUF_BUFG_inst/O
                         net (fo=33, routed)          0.603     1.522    RESULT_REG/CLK
    SLICE_X0Y92          FDCE                                         r  RESULT_REG/q_reg[5]_lopt_replica/C
  -------------------------------------------------------------------    -------------------
    SLICE_X0Y92          FDCE (Prop_fdce_C_Q)         0.141     1.663 r  RESULT_REG/q_reg[5]_lopt_replica/Q
                         net (fo=1, routed)           0.732     2.395    lopt_5
    V17                  OBUF (Prop_obuf_I_O)         1.252     3.648 r  led_OBUF[5]_inst/O
                         net (fo=0)                   0.000     3.648    led[5]
    V17                                                               r  led[5] (OUT)
  -------------------------------------------------------------------    -------------------

Slack:                    inf
  Source:                 RESULT_REG/q_reg[7]_lopt_replica/C
                            (rising edge-triggered cell FDCE clocked by sys_clk_pin  {rise@0.000ns fall@5.000ns period=10.000ns})
  Destination:            led[7]
                            (output port)
  Path Group:             (none)
  Path Type:              Min at Fast Process Corner
  Data Path Delay:        2.127ns  (logic 1.397ns (65.673%)  route 0.730ns (34.327%))
  Logic Levels:           1  (OBUF=1)
  Clock Uncertainty:      0.025ns  ((TSJ^2 + TIJ^2)^1/2 + DJ) / 2 + PE
    Total System Jitter     (TSJ):    0.050ns
    Total Input Jitter      (TIJ):    0.000ns
    Discrete Jitter          (DJ):    0.000ns
    Phase Error              (PE):    0.000ns

    Location             Delay type                Incr(ns)  Path(ns)    Netlist Resource(s)
  -------------------------------------------------------------------    -------------------
                         (clock sys_clk_pin rise edge)
                                                      0.000     0.000 r  
    E3                                                0.000     0.000 r  clk (IN)
                         net (fo=0)                   0.000     0.000    clk
    E3                   IBUF (Prop_ibuf_I_O)         0.250     0.250 r  clk_IBUF_inst/O
                         net (fo=1, routed)           0.644     0.894    clk_IBUF
    BUFGCTRL_X0Y16       BUFG (Prop_bufg_I_O)         0.026     0.920 r  clk_IBUF_BUFG_inst/O
                         net (fo=33, routed)          0.604     1.523    RESULT_REG/CLK
    SLICE_X1Y93          FDCE                                         r  RESULT_REG/q_reg[7]_lopt_replica/C
  -------------------------------------------------------------------    -------------------
    SLICE_X1Y93          FDCE (Prop_fdce_C_Q)         0.141     1.664 r  RESULT_REG/q_reg[7]_lopt_replica/Q
                         net (fo=1, routed)           0.730     2.394    lopt_7
    U16                  OBUF (Prop_obuf_I_O)         1.256     3.650 r  led_OBUF[7]_inst/O
                         net (fo=0)                   0.000     3.650    led[7]
    U16                                                               r  led[7] (OUT)
  -------------------------------------------------------------------    -------------------

Slack:                    inf
  Source:                 RESULT_REG/q_reg[6]_lopt_replica/C
                            (rising edge-triggered cell FDCE clocked by sys_clk_pin  {rise@0.000ns fall@5.000ns period=10.000ns})
  Destination:            led[6]
                            (output port)
  Path Group:             (none)
  Path Type:              Min at Fast Process Corner
  Data Path Delay:        2.180ns  (logic 1.397ns (64.075%)  route 0.783ns (35.925%))
  Logic Levels:           1  (OBUF=1)
  Clock Uncertainty:      0.025ns  ((TSJ^2 + TIJ^2)^1/2 + DJ) / 2 + PE
    Total System Jitter     (TSJ):    0.050ns
    Total Input Jitter      (TIJ):    0.000ns
    Discrete Jitter          (DJ):    0.000ns
    Phase Error              (PE):    0.000ns

    Location             Delay type                Incr(ns)  Path(ns)    Netlist Resource(s)
  -------------------------------------------------------------------    -------------------
                         (clock sys_clk_pin rise edge)
                                                      0.000     0.000 r  
    E3                                                0.000     0.000 r  clk (IN)
                         net (fo=0)                   0.000     0.000    clk
    E3                   IBUF (Prop_ibuf_I_O)         0.250     0.250 r  clk_IBUF_inst/O
                         net (fo=1, routed)           0.644     0.894    clk_IBUF
    BUFGCTRL_X0Y16       BUFG (Prop_bufg_I_O)         0.026     0.920 r  clk_IBUF_BUFG_inst/O
                         net (fo=33, routed)          0.603     1.522    RESULT_REG/CLK
    SLICE_X3Y92          FDCE                                         r  RESULT_REG/q_reg[6]_lopt_replica/C
  -------------------------------------------------------------------    -------------------
    SLICE_X3Y92          FDCE (Prop_fdce_C_Q)         0.141     1.663 r  RESULT_REG/q_reg[6]_lopt_replica/Q
                         net (fo=1, routed)           0.783     2.446    lopt_6
    U17                  OBUF (Prop_obuf_I_O)         1.256     3.702 r  led_OBUF[6]_inst/O
                         net (fo=0)                   0.000     3.702    led[6]
    U17                                                               r  led[6] (OUT)
  -------------------------------------------------------------------    -------------------





--------------------------------------------------------------------------------------
Path Group:  (none)
From Clock:  
  To Clock:  sys_clk_pin

Max Delay            65 Endpoints
Min Delay            65 Endpoints
--------------------------------------------------------------------------------------


Max Delay Paths
--------------------------------------------------------------------------------------
Slack:                    inf
  Source:                 sw[8]
                            (input port)
  Destination:            RESULT_REG/q_reg[5]_lopt_replica/D
                            (rising edge-triggered cell FDCE clocked by sys_clk_pin  {rise@0.000ns fall@5.000ns period=10.000ns})
  Path Group:             (none)
  Path Type:              Setup (Max at Slow Process Corner)
  Data Path Delay:        7.528ns  (logic 1.106ns (14.693%)  route 6.422ns (85.307%))
  Logic Levels:           2  (IBUF=1 LUT6=1)
  Clock Path Skew:        5.027ns (DCD - SCD + CPR)
    Destination Clock Delay (DCD):    5.027ns
    Source Clock Delay      (SCD):    0.000ns
    Clock Pessimism Removal (CPR):    0.000ns
  Clock Uncertainty:      0.025ns  ((TSJ^2 + TIJ^2)^1/2 + DJ) / 2 + PE
    Total System Jitter     (TSJ):    0.050ns
    Total Input Jitter      (TIJ):    0.000ns
    Discrete Jitter          (DJ):    0.000ns
    Phase Error              (PE):    0.000ns

    Location             Delay type                Incr(ns)  Path(ns)    Netlist Resource(s)
  -------------------------------------------------------------------    -------------------
    T8                                                0.000     0.000 r  sw[8] (IN)
                         net (fo=0)                   0.000     0.000    sw[8]
    T8                   IBUF (Prop_ibuf_I_O)         0.982     0.982 r  sw_IBUF[8]_inst/O
                         net (fo=11, routed)          5.889     6.871    RESULT_REG/sw_IBUF[8]
    SLICE_X0Y94          LUT6 (Prop_lut6_I1_O)        0.124     6.995 r  RESULT_REG/q[5]_i_1/O
                         net (fo=2, routed)           0.533     7.528    RESULT_REG/d[5]
    SLICE_X0Y92          FDCE                                         r  RESULT_REG/q_reg[5]_lopt_replica/D
  -------------------------------------------------------------------    -------------------

                         (clock sys_clk_pin rise edge)
                                                      0.000     0.000 r  
    E3                                                0.000     0.000 r  clk (IN)
                         net (fo=0)                   0.000     0.000    clk
    E3                   IBUF (Prop_ibuf_I_O)         1.411     1.411 r  clk_IBUF_inst/O
                         net (fo=1, routed)           1.920     3.331    clk_IBUF
    BUFGCTRL_X0Y16       BUFG (Prop_bufg_I_O)         0.091     3.422 r  clk_IBUF_BUFG_inst/O
                         net (fo=33, routed)          1.604     5.027    RESULT_REG/CLK
    SLICE_X0Y92          FDCE                                         r  RESULT_REG/q_reg[5]_lopt_replica/C

Slack:                    inf
  Source:                 sw[8]
                            (input port)
  Destination:            RESULT_REG/q_reg[1]/D
                            (rising edge-triggered cell FDCE clocked by sys_clk_pin  {rise@0.000ns fall@5.000ns period=10.000ns})
  Path Group:             (none)
  Path Type:              Setup (Max at Slow Process Corner)
  Data Path Delay:        7.501ns  (logic 1.230ns (16.400%)  route 6.270ns (83.600%))
  Logic Levels:           3  (IBUF=1 LUT5=1 LUT6=1)
  Clock Path Skew:        5.028ns (DCD - SCD + CPR)
    Destination Clock Delay (DCD):    5.028ns
    Source Clock Delay      (SCD):    0.000ns
    Clock Pessimism Removal (CPR):    0.000ns
  Clock Uncertainty:      0.025ns  ((TSJ^2 + TIJ^2)^1/2 + DJ) / 2 + PE
    Total System Jitter     (TSJ):    0.050ns
    Total Input Jitter      (TIJ):    0.000ns
    Discrete Jitter          (DJ):    0.000ns
    Phase Error              (PE):    0.000ns

    Location             Delay type                Incr(ns)  Path(ns)    Netlist Resource(s)
  -------------------------------------------------------------------    -------------------
    T8                                                0.000     0.000 r  sw[8] (IN)
                         net (fo=0)                   0.000     0.000    sw[8]
    T8                   IBUF (Prop_ibuf_I_O)         0.982     0.982 r  sw_IBUF[8]_inst/O
                         net (fo=11, routed)          5.378     6.361    RESULT_REG/sw_IBUF[8]
    SLICE_X1Y93          LUT5 (Prop_lut5_I0_O)        0.124     6.485 r  RESULT_REG/q[1]_i_4/O
                         net (fo=1, routed)           0.264     6.749    RESULT_REG/q[1]_i_4_n_0
    SLICE_X1Y93          LUT6 (Prop_lut6_I5_O)        0.124     6.873 r  RESULT_REG/q[1]_i_1/O
                         net (fo=2, routed)           0.628     7.501    RESULT_REG/d[1]
    SLICE_X2Y96          FDCE                                         r  RESULT_REG/q_reg[1]/D
  -------------------------------------------------------------------    -------------------

                         (clock sys_clk_pin rise edge)
                                                      0.000     0.000 r  
    E3                                                0.000     0.000 r  clk (IN)
                         net (fo=0)                   0.000     0.000    clk
    E3                   IBUF (Prop_ibuf_I_O)         1.411     1.411 r  clk_IBUF_inst/O
                         net (fo=1, routed)           1.920     3.331    clk_IBUF
    BUFGCTRL_X0Y16       BUFG (Prop_bufg_I_O)         0.091     3.422 r  clk_IBUF_BUFG_inst/O
                         net (fo=33, routed)          1.605     5.028    RESULT_REG/CLK
    SLICE_X2Y96          FDCE                                         r  RESULT_REG/q_reg[1]/C

Slack:                    inf
  Source:                 sw[8]
                            (input port)
  Destination:            RESULT_REG/q_reg[1]_lopt_replica/D
                            (rising edge-triggered cell FDCE clocked by sys_clk_pin  {rise@0.000ns fall@5.000ns period=10.000ns})
  Path Group:             (none)
  Path Type:              Setup (Max at Slow Process Corner)
  Data Path Delay:        7.362ns  (logic 1.230ns (16.707%)  route 6.132ns (83.293%))
  Logic Levels:           3  (IBUF=1 LUT5=1 LUT6=1)
  Clock Path Skew:        5.028ns (DCD - SCD + CPR)
    Destination Clock Delay (DCD):    5.028ns
    Source Clock Delay      (SCD):    0.000ns
    Clock Pessimism Removal (CPR):    0.000ns
  Clock Uncertainty:      0.025ns  ((TSJ^2 + TIJ^2)^1/2 + DJ) / 2 + PE
    Total System Jitter     (TSJ):    0.050ns
    Total Input Jitter      (TIJ):    0.000ns
    Discrete Jitter          (DJ):    0.000ns
    Phase Error              (PE):    0.000ns

    Location             Delay type                Incr(ns)  Path(ns)    Netlist Resource(s)
  -------------------------------------------------------------------    -------------------
    T8                                                0.000     0.000 r  sw[8] (IN)
                         net (fo=0)                   0.000     0.000    sw[8]
    T8                   IBUF (Prop_ibuf_I_O)         0.982     0.982 r  sw_IBUF[8]_inst/O
                         net (fo=11, routed)          5.378     6.361    RESULT_REG/sw_IBUF[8]
    SLICE_X1Y93          LUT5 (Prop_lut5_I0_O)        0.124     6.485 r  RESULT_REG/q[1]_i_4/O
                         net (fo=1, routed)           0.264     6.749    RESULT_REG/q[1]_i_4_n_0
    SLICE_X1Y93          LUT6 (Prop_lut6_I5_O)        0.124     6.873 r  RESULT_REG/q[1]_i_1/O
                         net (fo=2, routed)           0.490     7.362    RESULT_REG/d[1]
    SLICE_X0Y96          FDCE                                         r  RESULT_REG/q_reg[1]_lopt_replica/D
  -------------------------------------------------------------------    -------------------

                         (clock sys_clk_pin rise edge)
                                                      0.000     0.000 r  
    E3                                                0.000     0.000 r  clk (IN)
                         net (fo=0)                   0.000     0.000    clk
    E3                   IBUF (Prop_ibuf_I_O)         1.411     1.411 r  clk_IBUF_inst/O
                         net (fo=1, routed)           1.920     3.331    clk_IBUF
    BUFGCTRL_X0Y16       BUFG (Prop_bufg_I_O)         0.091     3.422 r  clk_IBUF_BUFG_inst/O
                         net (fo=33, routed)          1.605     5.028    RESULT_REG/CLK
    SLICE_X0Y96          FDCE                                         r  RESULT_REG/q_reg[1]_lopt_replica/C

Slack:                    inf
  Source:                 sw[8]
                            (input port)
  Destination:            RESULT_REG/q_reg[4]/D
                            (rising edge-triggered cell FDCE clocked by sys_clk_pin  {rise@0.000ns fall@5.000ns period=10.000ns})
  Path Group:             (none)
  Path Type:              Setup (Max at Slow Process Corner)
  Data Path Delay:        7.350ns  (logic 1.230ns (16.736%)  route 6.120ns (83.264%))
  Logic Levels:           3  (IBUF=1 LUT5=1 LUT6=1)
  Clock Path Skew:        5.028ns (DCD - SCD + CPR)
    Destination Clock Delay (DCD):    5.028ns
    Source Clock Delay      (SCD):    0.000ns
    Clock Pessimism Removal (CPR):    0.000ns
  Clock Uncertainty:      0.025ns  ((TSJ^2 + TIJ^2)^1/2 + DJ) / 2 + PE
    Total System Jitter     (TSJ):    0.050ns
    Total Input Jitter      (TIJ):    0.000ns
    Discrete Jitter          (DJ):    0.000ns
    Phase Error              (PE):    0.000ns

    Location             Delay type                Incr(ns)  Path(ns)    Netlist Resource(s)
  -------------------------------------------------------------------    -------------------
    T8                                                0.000     0.000 f  sw[8] (IN)
                         net (fo=0)                   0.000     0.000    sw[8]
    T8                   IBUF (Prop_ibuf_I_O)         0.982     0.982 f  sw_IBUF[8]_inst/O
                         net (fo=11, routed)          5.302     6.284    RESULT_REG/sw_IBUF[8]
    SLICE_X3Y92          LUT6 (Prop_lut6_I5_O)        0.124     6.408 r  RESULT_REG/q[4]_i_4/O
                         net (fo=1, routed)           0.295     6.703    RESULT_REG/q[4]_i_4_n_0
    SLICE_X3Y93          LUT5 (Prop_lut5_I4_O)        0.124     6.827 r  RESULT_REG/q[4]_i_1/O
                         net (fo=2, routed)           0.523     7.350    RESULT_REG/d[4]
    SLICE_X3Y95          FDCE                                         r  RESULT_REG/q_reg[4]/D
  -------------------------------------------------------------------    -------------------

                         (clock sys_clk_pin rise edge)
                                                      0.000     0.000 r  
    E3                                                0.000     0.000 r  clk (IN)
                         net (fo=0)                   0.000     0.000    clk
    E3                   IBUF (Prop_ibuf_I_O)         1.411     1.411 r  clk_IBUF_inst/O
                         net (fo=1, routed)           1.920     3.331    clk_IBUF
    BUFGCTRL_X0Y16       BUFG (Prop_bufg_I_O)         0.091     3.422 r  clk_IBUF_BUFG_inst/O
                         net (fo=33, routed)          1.605     5.028    RESULT_REG/CLK
    SLICE_X3Y95          FDCE                                         r  RESULT_REG/q_reg[4]/C

Slack:                    inf
  Source:                 sw[8]
                            (input port)
  Destination:            RESULT_REG/q_reg[5]/D
                            (rising edge-triggered cell FDCE clocked by sys_clk_pin  {rise@0.000ns fall@5.000ns period=10.000ns})
  Path Group:             (none)
  Path Type:              Setup (Max at Slow Process Corner)
  Data Path Delay:        7.343ns  (logic 1.106ns (15.062%)  route 6.237ns (84.938%))
  Logic Levels:           2  (IBUF=1 LUT6=1)
  Clock Path Skew:        5.028ns (DCD - SCD + CPR)
    Destination Clock Delay (DCD):    5.028ns
    Source Clock Delay      (SCD):    0.000ns
    Clock Pessimism Removal (CPR):    0.000ns
  Clock Uncertainty:      0.025ns  ((TSJ^2 + TIJ^2)^1/2 + DJ) / 2 + PE
    Total System Jitter     (TSJ):    0.050ns
    Total Input Jitter      (TIJ):    0.000ns
    Discrete Jitter          (DJ):    0.000ns
    Phase Error              (PE):    0.000ns

    Location             Delay type                Incr(ns)  Path(ns)    Netlist Resource(s)
  -------------------------------------------------------------------    -------------------
    T8                                                0.000     0.000 r  sw[8] (IN)
                         net (fo=0)                   0.000     0.000    sw[8]
    T8                   IBUF (Prop_ibuf_I_O)         0.982     0.982 r  sw_IBUF[8]_inst/O
                         net (fo=11, routed)          5.889     6.871    RESULT_REG/sw_IBUF[8]
    SLICE_X0Y94          LUT6 (Prop_lut6_I1_O)        0.124     6.995 r  RESULT_REG/q[5]_i_1/O
                         net (fo=2, routed)           0.348     7.343    RESULT_REG/d[5]
    SLICE_X0Y95          FDCE                                         r  RESULT_REG/q_reg[5]/D
  -------------------------------------------------------------------    -------------------

                         (clock sys_clk_pin rise edge)
                                                      0.000     0.000 r  
    E3                                                0.000     0.000 r  clk (IN)
                         net (fo=0)                   0.000     0.000    clk
    E3                   IBUF (Prop_ibuf_I_O)         1.411     1.411 r  clk_IBUF_inst/O
                         net (fo=1, routed)           1.920     3.331    clk_IBUF
    BUFGCTRL_X0Y16       BUFG (Prop_bufg_I_O)         0.091     3.422 r  clk_IBUF_BUFG_inst/O
                         net (fo=33, routed)          1.605     5.028    RESULT_REG/CLK
    SLICE_X0Y95          FDCE                                         r  RESULT_REG/q_reg[5]/C

Slack:                    inf
  Source:                 sw[8]
                            (input port)
  Destination:            RESULT_REG/q_reg[4]_lopt_replica/D
                            (rising edge-triggered cell FDCE clocked by sys_clk_pin  {rise@0.000ns fall@5.000ns period=10.000ns})
  Path Group:             (none)
  Path Type:              Setup (Max at Slow Process Corner)
  Data Path Delay:        7.315ns  (logic 1.230ns (16.817%)  route 6.085ns (83.183%))
  Logic Levels:           3  (IBUF=1 LUT5=1 LUT6=1)
  Clock Path Skew:        5.028ns (DCD - SCD + CPR)
    Destination Clock Delay (DCD):    5.028ns
    Source Clock Delay      (SCD):    0.000ns
    Clock Pessimism Removal (CPR):    0.000ns
  Clock Uncertainty:      0.025ns  ((TSJ^2 + TIJ^2)^1/2 + DJ) / 2 + PE
    Total System Jitter     (TSJ):    0.050ns
    Total Input Jitter      (TIJ):    0.000ns
    Discrete Jitter          (DJ):    0.000ns
    Phase Error              (PE):    0.000ns

    Location             Delay type                Incr(ns)  Path(ns)    Netlist Resource(s)
  -------------------------------------------------------------------    -------------------
    T8                                                0.000     0.000 f  sw[8] (IN)
                         net (fo=0)                   0.000     0.000    sw[8]
    T8                   IBUF (Prop_ibuf_I_O)         0.982     0.982 f  sw_IBUF[8]_inst/O
                         net (fo=11, routed)          5.302     6.284    RESULT_REG/sw_IBUF[8]
    SLICE_X3Y92          LUT6 (Prop_lut6_I5_O)        0.124     6.408 r  RESULT_REG/q[4]_i_4/O
                         net (fo=1, routed)           0.295     6.703    RESULT_REG/q[4]_i_4_n_0
    SLICE_X3Y93          LUT5 (Prop_lut5_I4_O)        0.124     6.827 r  RESULT_REG/q[4]_i_1/O
                         net (fo=2, routed)           0.488     7.315    RESULT_REG/d[4]
    SLICE_X1Y93          FDCE                                         r  RESULT_REG/q_reg[4]_lopt_replica/D
  -------------------------------------------------------------------    -------------------

                         (clock sys_clk_pin rise edge)
                                                      0.000     0.000 r  
    E3                                                0.000     0.000 r  clk (IN)
                         net (fo=0)                   0.000     0.000    clk
    E3                   IBUF (Prop_ibuf_I_O)         1.411     1.411 r  clk_IBUF_inst/O
                         net (fo=1, routed)           1.920     3.331    clk_IBUF
    BUFGCTRL_X0Y16       BUFG (Prop_bufg_I_O)         0.091     3.422 r  clk_IBUF_BUFG_inst/O
                         net (fo=33, routed)          1.605     5.028    RESULT_REG/CLK
    SLICE_X1Y93          FDCE                                         r  RESULT_REG/q_reg[4]_lopt_replica/C

Slack:                    inf
  Source:                 sw[8]
                            (input port)
  Destination:            RESULT_REG/q_reg[2]_lopt_replica/D
                            (rising edge-triggered cell FDCE clocked by sys_clk_pin  {rise@0.000ns fall@5.000ns period=10.000ns})
  Path Group:             (none)
  Path Type:              Setup (Max at Slow Process Corner)
  Data Path Delay:        7.174ns  (logic 1.394ns (19.431%)  route 5.780ns (80.569%))
  Logic Levels:           3  (IBUF=1 MUXF7=1 MUXF8=1)
  Clock Path Skew:        5.028ns (DCD - SCD + CPR)
    Destination Clock Delay (DCD):    5.028ns
    Source Clock Delay      (SCD):    0.000ns
    Clock Pessimism Removal (CPR):    0.000ns
  Clock Uncertainty:      0.025ns  ((TSJ^2 + TIJ^2)^1/2 + DJ) / 2 + PE
    Total System Jitter     (TSJ):    0.050ns
    Total Input Jitter      (TIJ):    0.000ns
    Discrete Jitter          (DJ):    0.000ns
    Phase Error              (PE):    0.000ns

    Location             Delay type                Incr(ns)  Path(ns)    Netlist Resource(s)
  -------------------------------------------------------------------    -------------------
    T8                                                0.000     0.000 r  sw[8] (IN)
                         net (fo=0)                   0.000     0.000    sw[8]
    T8                   IBUF (Prop_ibuf_I_O)         0.982     0.982 r  sw_IBUF[8]_inst/O
                         net (fo=11, routed)          4.947     5.929    RESULT_REG/sw_IBUF[8]
    SLICE_X2Y94          MUXF7 (Prop_muxf7_S_O)       0.314     6.243 r  RESULT_REG/q_reg[2]_i_2/O
                         net (fo=1, routed)           0.000     6.243    RESULT_REG/q_reg[2]_i_2_n_0
    SLICE_X2Y94          MUXF8 (Prop_muxf8_I0_O)      0.098     6.341 r  RESULT_REG/q_reg[2]_i_1/O
                         net (fo=2, routed)           0.834     7.174    RESULT_REG/d[2]
    SLICE_X2Y96          FDCE                                         r  RESULT_REG/q_reg[2]_lopt_replica/D
  -------------------------------------------------------------------    -------------------

                         (clock sys_clk_pin rise edge)
                                                      0.000     0.000 r  
    E3                                                0.000     0.000 r  clk (IN)
                         net (fo=0)                   0.000     0.000    clk
    E3                   IBUF (Prop_ibuf_I_O)         1.411     1.411 r  clk_IBUF_inst/O
                         net (fo=1, routed)           1.920     3.331    clk_IBUF
    BUFGCTRL_X0Y16       BUFG (Prop_bufg_I_O)         0.091     3.422 r  clk_IBUF_BUFG_inst/O
                         net (fo=33, routed)          1.605     5.028    RESULT_REG/CLK
    SLICE_X2Y96          FDCE                                         r  RESULT_REG/q_reg[2]_lopt_replica/C

Slack:                    inf
  Source:                 sw[8]
                            (input port)
  Destination:            RESULT_REG/q_reg[6]_lopt_replica/D
                            (rising edge-triggered cell FDCE clocked by sys_clk_pin  {rise@0.000ns fall@5.000ns period=10.000ns})
  Path Group:             (none)
  Path Type:              Setup (Max at Slow Process Corner)
  Data Path Delay:        7.037ns  (logic 1.106ns (15.717%)  route 5.931ns (84.283%))
  Logic Levels:           2  (IBUF=1 LUT6=1)
  Clock Path Skew:        5.027ns (DCD - SCD + CPR)
    Destination Clock Delay (DCD):    5.027ns
    Source Clock Delay      (SCD):    0.000ns
    Clock Pessimism Removal (CPR):    0.000ns
  Clock Uncertainty:      0.025ns  ((TSJ^2 + TIJ^2)^1/2 + DJ) / 2 + PE
    Total System Jitter     (TSJ):    0.050ns
    Total Input Jitter      (TIJ):    0.000ns
    Discrete Jitter          (DJ):    0.000ns
    Phase Error              (PE):    0.000ns

    Location             Delay type                Incr(ns)  Path(ns)    Netlist Resource(s)
  -------------------------------------------------------------------    -------------------
    T8                                                0.000     0.000 r  sw[8] (IN)
                         net (fo=0)                   0.000     0.000    sw[8]
    T8                   IBUF (Prop_ibuf_I_O)         0.982     0.982 r  sw_IBUF[8]_inst/O
                         net (fo=11, routed)          5.307     6.289    RESULT_REG/sw_IBUF[8]
    SLICE_X3Y92          LUT6 (Prop_lut6_I1_O)        0.124     6.413 r  RESULT_REG/q[6]_i_1/O
                         net (fo=2, routed)           0.625     7.037    RESULT_REG/d[6]
    SLICE_X3Y92          FDCE                                         r  RESULT_REG/q_reg[6]_lopt_replica/D
  -------------------------------------------------------------------    -------------------

                         (clock sys_clk_pin rise edge)
                                                      0.000     0.000 r  
    E3                                                0.000     0.000 r  clk (IN)
                         net (fo=0)                   0.000     0.000    clk
    E3                   IBUF (Prop_ibuf_I_O)         1.411     1.411 r  clk_IBUF_inst/O
                         net (fo=1, routed)           1.920     3.331    clk_IBUF
    BUFGCTRL_X0Y16       BUFG (Prop_bufg_I_O)         0.091     3.422 r  clk_IBUF_BUFG_inst/O
                         net (fo=33, routed)          1.604     5.027    RESULT_REG/CLK
    SLICE_X3Y92          FDCE                                         r  RESULT_REG/q_reg[6]_lopt_replica/C

Slack:                    inf
  Source:                 sw[8]
                            (input port)
  Destination:            RESULT_REG/q_reg[3]/D
                            (rising edge-triggered cell FDCE clocked by sys_clk_pin  {rise@0.000ns fall@5.000ns period=10.000ns})
  Path Group:             (none)
  Path Type:              Setup (Max at Slow Process Corner)
  Data Path Delay:        7.017ns  (logic 1.106ns (15.763%)  route 5.911ns (84.237%))
  Logic Levels:           2  (IBUF=1 LUT6=1)
  Clock Path Skew:        5.026ns (DCD - SCD + CPR)
    Destination Clock Delay (DCD):    5.026ns
    Source Clock Delay      (SCD):    0.000ns
    Clock Pessimism Removal (CPR):    0.000ns
  Clock Uncertainty:      0.025ns  ((TSJ^2 + TIJ^2)^1/2 + DJ) / 2 + PE
    Total System Jitter     (TSJ):    0.050ns
    Total Input Jitter      (TIJ):    0.000ns
    Discrete Jitter          (DJ):    0.000ns
    Phase Error              (PE):    0.000ns

    Location             Delay type                Incr(ns)  Path(ns)    Netlist Resource(s)
  -------------------------------------------------------------------    -------------------
    T8                                                0.000     0.000 r  sw[8] (IN)
                         net (fo=0)                   0.000     0.000    sw[8]
    T8                   IBUF (Prop_ibuf_I_O)         0.982     0.982 r  sw_IBUF[8]_inst/O
                         net (fo=11, routed)          5.115     6.097    RESULT_REG/sw_IBUF[8]
    SLICE_X5Y92          LUT6 (Prop_lut6_I4_O)        0.124     6.221 r  RESULT_REG/q[3]_i_1/O
                         net (fo=2, routed)           0.795     7.017    RESULT_REG/d[3]
    SLICE_X5Y95          FDCE                                         r  RESULT_REG/q_reg[3]/D
  -------------------------------------------------------------------    -------------------

                         (clock sys_clk_pin rise edge)
                                                      0.000     0.000 r  
    E3                                                0.000     0.000 r  clk (IN)
                         net (fo=0)                   0.000     0.000    clk
    E3                   IBUF (Prop_ibuf_I_O)         1.411     1.411 r  clk_IBUF_inst/O
                         net (fo=1, routed)           1.920     3.331    clk_IBUF
    BUFGCTRL_X0Y16       BUFG (Prop_bufg_I_O)         0.091     3.422 r  clk_IBUF_BUFG_inst/O
                         net (fo=33, routed)          1.603     5.026    RESULT_REG/CLK
    SLICE_X5Y95          FDCE                                         r  RESULT_REG/q_reg[3]/C

Slack:                    inf
  Source:                 sw[8]
                            (input port)
  Destination:            RESULT_REG/q_reg[2]/D
                            (rising edge-triggered cell FDCE clocked by sys_clk_pin  {rise@0.000ns fall@5.000ns period=10.000ns})
  Path Group:             (none)
  Path Type:              Setup (Max at Slow Process Corner)
  Data Path Delay:        6.951ns  (logic 1.394ns (20.055%)  route 5.557ns (79.945%))
  Logic Levels:           3  (IBUF=1 MUXF7=1 MUXF8=1)
  Clock Path Skew:        5.028ns (DCD - SCD + CPR)
    Destination Clock Delay (DCD):    5.028ns
    Source Clock Delay      (SCD):    0.000ns
    Clock Pessimism Removal (CPR):    0.000ns
  Clock Uncertainty:      0.025ns  ((TSJ^2 + TIJ^2)^1/2 + DJ) / 2 + PE
    Total System Jitter     (TSJ):    0.050ns
    Total Input Jitter      (TIJ):    0.000ns
    Discrete Jitter          (DJ):    0.000ns
    Phase Error              (PE):    0.000ns

    Location             Delay type                Incr(ns)  Path(ns)    Netlist Resource(s)
  -------------------------------------------------------------------    -------------------
    T8                                                0.000     0.000 r  sw[8] (IN)
                         net (fo=0)                   0.000     0.000    sw[8]
    T8                   IBUF (Prop_ibuf_I_O)         0.982     0.982 r  sw_IBUF[8]_inst/O
                         net (fo=11, routed)          4.947     5.929    RESULT_REG/sw_IBUF[8]
    SLICE_X2Y94          MUXF7 (Prop_muxf7_S_O)       0.314     6.243 r  RESULT_REG/q_reg[2]_i_2/O
                         net (fo=1, routed)           0.000     6.243    RESULT_REG/q_reg[2]_i_2_n_0
    SLICE_X2Y94          MUXF8 (Prop_muxf8_I0_O)      0.098     6.341 r  RESULT_REG/q_reg[2]_i_1/O
                         net (fo=2, routed)           0.610     6.951    RESULT_REG/d[2]
    SLICE_X2Y95          FDCE                                         r  RESULT_REG/q_reg[2]/D
  -------------------------------------------------------------------    -------------------

                         (clock sys_clk_pin rise edge)
                                                      0.000     0.000 r  
    E3                                                0.000     0.000 r  clk (IN)
                         net (fo=0)                   0.000     0.000    clk
    E3                   IBUF (Prop_ibuf_I_O)         1.411     1.411 r  clk_IBUF_inst/O
                         net (fo=1, routed)           1.920     3.331    clk_IBUF
    BUFGCTRL_X0Y16       BUFG (Prop_bufg_I_O)         0.091     3.422 r  clk_IBUF_BUFG_inst/O
                         net (fo=33, routed)          1.605     5.028    RESULT_REG/CLK
    SLICE_X2Y95          FDCE                                         r  RESULT_REG/q_reg[2]/C





Min Delay Paths
--------------------------------------------------------------------------------------
Slack:                    inf
  Source:                 btn_rst
                            (input port)
  Destination:            RESULT_REG/q_reg[5]_lopt_replica/CLR
                            (removal check against rising-edge clock sys_clk_pin  {rise@0.000ns fall@5.000ns period=10.000ns})
  Path Group:             (none)
  Path Type:              Removal (Min at Fast Process Corner)
  Data Path Delay:        0.685ns  (logic 0.254ns (37.043%)  route 0.431ns (62.957%))
  Logic Levels:           1  (IBUF=1)
  Clock Path Skew:        2.041ns (DCD - SCD - CPR)
    Destination Clock Delay (DCD):    2.041ns
    Source Clock Delay      (SCD):    0.000ns
    Clock Pessimism Removal (CPR):    -0.000ns

    Location             Delay type                Incr(ns)  Path(ns)    Netlist Resource(s)
  -------------------------------------------------------------------    -------------------
    M18                                               0.000     0.000 f  btn_rst (IN)
                         net (fo=0)                   0.000     0.000    btn_rst
    M18                  IBUF (Prop_ibuf_I_O)         0.254     0.254 f  btn_rst_IBUF_inst/O
                         net (fo=33, routed)          0.431     0.685    RESULT_REG/AR[0]
    SLICE_X0Y92          FDCE                                         f  RESULT_REG/q_reg[5]_lopt_replica/CLR
  -------------------------------------------------------------------    -------------------

                         (clock sys_clk_pin rise edge)
                                                      0.000     0.000 r  
    E3                                                0.000     0.000 r  clk (IN)
                         net (fo=0)                   0.000     0.000    clk
    E3                   IBUF (Prop_ibuf_I_O)         0.438     0.438 r  clk_IBUF_inst/O
                         net (fo=1, routed)           0.699     1.136    clk_IBUF
    BUFGCTRL_X0Y16       BUFG (Prop_bufg_I_O)         0.029     1.165 r  clk_IBUF_BUFG_inst/O
                         net (fo=33, routed)          0.876     2.041    RESULT_REG/CLK
    SLICE_X0Y92          FDCE                                         r  RESULT_REG/q_reg[5]_lopt_replica/C

Slack:                    inf
  Source:                 btn_rst
                            (input port)
  Destination:            RESULT_REG/q_reg[4]_lopt_replica/CLR
                            (removal check against rising-edge clock sys_clk_pin  {rise@0.000ns fall@5.000ns period=10.000ns})
  Path Group:             (none)
  Path Type:              Removal (Min at Fast Process Corner)
  Data Path Delay:        0.743ns  (logic 0.254ns (34.107%)  route 0.490ns (65.893%))
  Logic Levels:           1  (IBUF=1)
  Clock Path Skew:        2.042ns (DCD - SCD - CPR)
    Destination Clock Delay (DCD):    2.042ns
    Source Clock Delay      (SCD):    0.000ns
    Clock Pessimism Removal (CPR):    -0.000ns

    Location             Delay type                Incr(ns)  Path(ns)    Netlist Resource(s)
  -------------------------------------------------------------------    -------------------
    M18                                               0.000     0.000 f  btn_rst (IN)
                         net (fo=0)                   0.000     0.000    btn_rst
    M18                  IBUF (Prop_ibuf_I_O)         0.254     0.254 f  btn_rst_IBUF_inst/O
                         net (fo=33, routed)          0.490     0.743    RESULT_REG/AR[0]
    SLICE_X1Y93          FDCE                                         f  RESULT_REG/q_reg[4]_lopt_replica/CLR
  -------------------------------------------------------------------    -------------------

                         (clock sys_clk_pin rise edge)
                                                      0.000     0.000 r  
    E3                                                0.000     0.000 r  clk (IN)
                         net (fo=0)                   0.000     0.000    clk
    E3                   IBUF (Prop_ibuf_I_O)         0.438     0.438 r  clk_IBUF_inst/O
                         net (fo=1, routed)           0.699     1.136    clk_IBUF
    BUFGCTRL_X0Y16       BUFG (Prop_bufg_I_O)         0.029     1.165 r  clk_IBUF_BUFG_inst/O
                         net (fo=33, routed)          0.877     2.042    RESULT_REG/CLK
    SLICE_X1Y93          FDCE                                         r  RESULT_REG/q_reg[4]_lopt_replica/C

Slack:                    inf
  Source:                 btn_rst
                            (input port)
  Destination:            RESULT_REG/q_reg[7]_lopt_replica/CLR
                            (removal check against rising-edge clock sys_clk_pin  {rise@0.000ns fall@5.000ns period=10.000ns})
  Path Group:             (none)
  Path Type:              Removal (Min at Fast Process Corner)
  Data Path Delay:        0.743ns  (logic 0.254ns (34.107%)  route 0.490ns (65.893%))
  Logic Levels:           1  (IBUF=1)
  Clock Path Skew:        2.042ns (DCD - SCD - CPR)
    Destination Clock Delay (DCD):    2.042ns
    Source Clock Delay      (SCD):    0.000ns
    Clock Pessimism Removal (CPR):    -0.000ns

    Location             Delay type                Incr(ns)  Path(ns)    Netlist Resource(s)
  -------------------------------------------------------------------    -------------------
    M18                                               0.000     0.000 f  btn_rst (IN)
                         net (fo=0)                   0.000     0.000    btn_rst
    M18                  IBUF (Prop_ibuf_I_O)         0.254     0.254 f  btn_rst_IBUF_inst/O
                         net (fo=33, routed)          0.490     0.743    RESULT_REG/AR[0]
    SLICE_X1Y93          FDCE                                         f  RESULT_REG/q_reg[7]_lopt_replica/CLR
  -------------------------------------------------------------------    -------------------

                         (clock sys_clk_pin rise edge)
                                                      0.000     0.000 r  
    E3                                                0.000     0.000 r  clk (IN)
                         net (fo=0)                   0.000     0.000    clk
    E3                   IBUF (Prop_ibuf_I_O)         0.438     0.438 r  clk_IBUF_inst/O
                         net (fo=1, routed)           0.699     1.136    clk_IBUF
    BUFGCTRL_X0Y16       BUFG (Prop_bufg_I_O)         0.029     1.165 r  clk_IBUF_BUFG_inst/O
                         net (fo=33, routed)          0.877     2.042    RESULT_REG/CLK
    SLICE_X1Y93          FDCE                                         r  RESULT_REG/q_reg[7]_lopt_replica/C

Slack:                    inf
  Source:                 btn_exec
                            (input port)
  Destination:            RESULT_REG/q_reg[5]_lopt_replica/CE
                            (rising edge-triggered cell FDCE clocked by sys_clk_pin  {rise@0.000ns fall@5.000ns period=10.000ns})
  Path Group:             (none)
  Path Type:              Hold (Min at Fast Process Corner)
  Data Path Delay:        0.767ns  (logic 0.244ns (31.872%)  route 0.523ns (68.128%))
  Logic Levels:           1  (IBUF=1)
  Clock Path Skew:        2.041ns (DCD - SCD - CPR)
    Destination Clock Delay (DCD):    2.041ns
    Source Clock Delay      (SCD):    0.000ns
    Clock Pessimism Removal (CPR):    -0.000ns

    Location             Delay type                Incr(ns)  Path(ns)    Netlist Resource(s)
  -------------------------------------------------------------------    -------------------
    N17                                               0.000     0.000 r  btn_exec (IN)
                         net (fo=0)                   0.000     0.000    btn_exec
    N17                  IBUF (Prop_ibuf_I_O)         0.244     0.244 r  btn_exec_IBUF_inst/O
                         net (fo=16, routed)          0.523     0.767    RESULT_REG/E[0]
    SLICE_X0Y92          FDCE                                         r  RESULT_REG/q_reg[5]_lopt_replica/CE
  -------------------------------------------------------------------    -------------------

                         (clock sys_clk_pin rise edge)
                                                      0.000     0.000 r  
    E3                                                0.000     0.000 r  clk (IN)
                         net (fo=0)                   0.000     0.000    clk
    E3                   IBUF (Prop_ibuf_I_O)         0.438     0.438 r  clk_IBUF_inst/O
                         net (fo=1, routed)           0.699     1.136    clk_IBUF
    BUFGCTRL_X0Y16       BUFG (Prop_bufg_I_O)         0.029     1.165 r  clk_IBUF_BUFG_inst/O
                         net (fo=33, routed)          0.876     2.041    RESULT_REG/CLK
    SLICE_X0Y92          FDCE                                         r  RESULT_REG/q_reg[5]_lopt_replica/C

Slack:                    inf
  Source:                 btn_exec
                            (input port)
  Destination:            RESULT_REG/q_reg[4]_lopt_replica/CE
                            (rising edge-triggered cell FDCE clocked by sys_clk_pin  {rise@0.000ns fall@5.000ns period=10.000ns})
  Path Group:             (none)
  Path Type:              Hold (Min at Fast Process Corner)
  Data Path Delay:        0.779ns  (logic 0.244ns (31.364%)  route 0.535ns (68.636%))
  Logic Levels:           1  (IBUF=1)
  Clock Path Skew:        2.042ns (DCD - SCD - CPR)
    Destination Clock Delay (DCD):    2.042ns
    Source Clock Delay      (SCD):    0.000ns
    Clock Pessimism Removal (CPR):    -0.000ns

    Location             Delay type                Incr(ns)  Path(ns)    Netlist Resource(s)
  -------------------------------------------------------------------    -------------------
    N17                                               0.000     0.000 r  btn_exec (IN)
                         net (fo=0)                   0.000     0.000    btn_exec
    N17                  IBUF (Prop_ibuf_I_O)         0.244     0.244 r  btn_exec_IBUF_inst/O
                         net (fo=16, routed)          0.535     0.779    RESULT_REG/E[0]
    SLICE_X1Y93          FDCE                                         r  RESULT_REG/q_reg[4]_lopt_replica/CE
  -------------------------------------------------------------------    -------------------

                         (clock sys_clk_pin rise edge)
                                                      0.000     0.000 r  
    E3                                                0.000     0.000 r  clk (IN)
                         net (fo=0)                   0.000     0.000    clk
    E3                   IBUF (Prop_ibuf_I_O)         0.438     0.438 r  clk_IBUF_inst/O
                         net (fo=1, routed)           0.699     1.136    clk_IBUF
    BUFGCTRL_X0Y16       BUFG (Prop_bufg_I_O)         0.029     1.165 r  clk_IBUF_BUFG_inst/O
                         net (fo=33, routed)          0.877     2.042    RESULT_REG/CLK
    SLICE_X1Y93          FDCE                                         r  RESULT_REG/q_reg[4]_lopt_replica/C

Slack:                    inf
  Source:                 btn_exec
                            (input port)
  Destination:            RESULT_REG/q_reg[7]_lopt_replica/CE
                            (rising edge-triggered cell FDCE clocked by sys_clk_pin  {rise@0.000ns fall@5.000ns period=10.000ns})
  Path Group:             (none)
  Path Type:              Hold (Min at Fast Process Corner)
  Data Path Delay:        0.779ns  (logic 0.244ns (31.364%)  route 0.535ns (68.636%))
  Logic Levels:           1  (IBUF=1)
  Clock Path Skew:        2.042ns (DCD - SCD - CPR)
    Destination Clock Delay (DCD):    2.042ns
    Source Clock Delay      (SCD):    0.000ns
    Clock Pessimism Removal (CPR):    -0.000ns

    Location             Delay type                Incr(ns)  Path(ns)    Netlist Resource(s)
  -------------------------------------------------------------------    -------------------
    N17                                               0.000     0.000 r  btn_exec (IN)
                         net (fo=0)                   0.000     0.000    btn_exec
    N17                  IBUF (Prop_ibuf_I_O)         0.244     0.244 r  btn_exec_IBUF_inst/O
                         net (fo=16, routed)          0.535     0.779    RESULT_REG/E[0]
    SLICE_X1Y93          FDCE                                         r  RESULT_REG/q_reg[7]_lopt_replica/CE
  -------------------------------------------------------------------    -------------------

                         (clock sys_clk_pin rise edge)
                                                      0.000     0.000 r  
    E3                                                0.000     0.000 r  clk (IN)
                         net (fo=0)                   0.000     0.000    clk
    E3                   IBUF (Prop_ibuf_I_O)         0.438     0.438 r  clk_IBUF_inst/O
                         net (fo=1, routed)           0.699     1.136    clk_IBUF
    BUFGCTRL_X0Y16       BUFG (Prop_bufg_I_O)         0.029     1.165 r  clk_IBUF_BUFG_inst/O
                         net (fo=33, routed)          0.877     2.042    RESULT_REG/CLK
    SLICE_X1Y93          FDCE                                         r  RESULT_REG/q_reg[7]_lopt_replica/C

Slack:                    inf
  Source:                 btn_rst
                            (input port)
  Destination:            RESULT_REG/q_reg[3]_lopt_replica/CLR
                            (removal check against rising-edge clock sys_clk_pin  {rise@0.000ns fall@5.000ns period=10.000ns})
  Path Group:             (none)
  Path Type:              Removal (Min at Fast Process Corner)
  Data Path Delay:        0.786ns  (logic 0.254ns (32.270%)  route 0.532ns (67.730%))
  Logic Levels:           1  (IBUF=1)
  Clock Path Skew:        2.038ns (DCD - SCD - CPR)
    Destination Clock Delay (DCD):    2.038ns
    Source Clock Delay      (SCD):    0.000ns
    Clock Pessimism Removal (CPR):    -0.000ns

    Location             Delay type                Incr(ns)  Path(ns)    Netlist Resource(s)
  -------------------------------------------------------------------    -------------------
    M18                                               0.000     0.000 f  btn_rst (IN)
                         net (fo=0)                   0.000     0.000    btn_rst
    M18                  IBUF (Prop_ibuf_I_O)         0.254     0.254 f  btn_rst_IBUF_inst/O
                         net (fo=33, routed)          0.532     0.786    RESULT_REG/AR[0]
    SLICE_X5Y92          FDCE                                         f  RESULT_REG/q_reg[3]_lopt_replica/CLR
  -------------------------------------------------------------------    -------------------

                         (clock sys_clk_pin rise edge)
                                                      0.000     0.000 r  
    E3                                                0.000     0.000 r  clk (IN)
                         net (fo=0)                   0.000     0.000    clk
    E3                   IBUF (Prop_ibuf_I_O)         0.438     0.438 r  clk_IBUF_inst/O
                         net (fo=1, routed)           0.699     1.136    clk_IBUF
    BUFGCTRL_X0Y16       BUFG (Prop_bufg_I_O)         0.029     1.165 r  clk_IBUF_BUFG_inst/O
                         net (fo=33, routed)          0.873     2.038    RESULT_REG/CLK
    SLICE_X5Y92          FDCE                                         r  RESULT_REG/q_reg[3]_lopt_replica/C

Slack:                    inf
  Source:                 btn_rst
                            (input port)
  Destination:            RESULT_REG/q_reg[6]_lopt_replica/CLR
                            (removal check against rising-edge clock sys_clk_pin  {rise@0.000ns fall@5.000ns period=10.000ns})
  Path Group:             (none)
  Path Type:              Removal (Min at Fast Process Corner)
  Data Path Delay:        0.796ns  (logic 0.254ns (31.860%)  route 0.542ns (68.140%))
  Logic Levels:           1  (IBUF=1)
  Clock Path Skew:        2.041ns (DCD - SCD - CPR)
    Destination Clock Delay (DCD):    2.041ns
    Source Clock Delay      (SCD):    0.000ns
    Clock Pessimism Removal (CPR):    -0.000ns

    Location             Delay type                Incr(ns)  Path(ns)    Netlist Resource(s)
  -------------------------------------------------------------------    -------------------
    M18                                               0.000     0.000 f  btn_rst (IN)
                         net (fo=0)                   0.000     0.000    btn_rst
    M18                  IBUF (Prop_ibuf_I_O)         0.254     0.254 f  btn_rst_IBUF_inst/O
                         net (fo=33, routed)          0.542     0.796    RESULT_REG/AR[0]
    SLICE_X3Y92          FDCE                                         f  RESULT_REG/q_reg[6]_lopt_replica/CLR
  -------------------------------------------------------------------    -------------------

                         (clock sys_clk_pin rise edge)
                                                      0.000     0.000 r  
    E3                                                0.000     0.000 r  clk (IN)
                         net (fo=0)                   0.000     0.000    clk
    E3                   IBUF (Prop_ibuf_I_O)         0.438     0.438 r  clk_IBUF_inst/O
                         net (fo=1, routed)           0.699     1.136    clk_IBUF
    BUFGCTRL_X0Y16       BUFG (Prop_bufg_I_O)         0.029     1.165 r  clk_IBUF_BUFG_inst/O
                         net (fo=33, routed)          0.876     2.041    RESULT_REG/CLK
    SLICE_X3Y92          FDCE                                         r  RESULT_REG/q_reg[6]_lopt_replica/C

Slack:                    inf
  Source:                 btn_exec
                            (input port)
  Destination:            RESULT_REG/q_reg[5]/CE
                            (rising edge-triggered cell FDCE clocked by sys_clk_pin  {rise@0.000ns fall@5.000ns period=10.000ns})
  Path Group:             (none)
  Path Type:              Hold (Min at Fast Process Corner)
  Data Path Delay:        0.849ns  (logic 0.244ns (28.808%)  route 0.604ns (71.192%))
  Logic Levels:           1  (IBUF=1)
  Clock Path Skew:        2.042ns (DCD - SCD - CPR)
    Destination Clock Delay (DCD):    2.042ns
    Source Clock Delay      (SCD):    0.000ns
    Clock Pessimism Removal (CPR):    -0.000ns

    Location             Delay type                Incr(ns)  Path(ns)    Netlist Resource(s)
  -------------------------------------------------------------------    -------------------
    N17                                               0.000     0.000 r  btn_exec (IN)
                         net (fo=0)                   0.000     0.000    btn_exec
    N17                  IBUF (Prop_ibuf_I_O)         0.244     0.244 r  btn_exec_IBUF_inst/O
                         net (fo=16, routed)          0.604     0.849    RESULT_REG/E[0]
    SLICE_X0Y95          FDCE                                         r  RESULT_REG/q_reg[5]/CE
  -------------------------------------------------------------------    -------------------

                         (clock sys_clk_pin rise edge)
                                                      0.000     0.000 r  
    E3                                                0.000     0.000 r  clk (IN)
                         net (fo=0)                   0.000     0.000    clk
    E3                   IBUF (Prop_ibuf_I_O)         0.438     0.438 r  clk_IBUF_inst/O
                         net (fo=1, routed)           0.699     1.136    clk_IBUF
    BUFGCTRL_X0Y16       BUFG (Prop_bufg_I_O)         0.029     1.165 r  clk_IBUF_BUFG_inst/O
                         net (fo=33, routed)          0.877     2.042    RESULT_REG/CLK
    SLICE_X0Y95          FDCE                                         r  RESULT_REG/q_reg[5]/C

Slack:                    inf
  Source:                 btn_rst
                            (input port)
  Destination:            RESULT_REG/q_reg[5]/CLR
                            (removal check against rising-edge clock sys_clk_pin  {rise@0.000ns fall@5.000ns period=10.000ns})
  Path Group:             (none)
  Path Type:              Removal (Min at Fast Process Corner)
  Data Path Delay:        0.867ns  (logic 0.254ns (29.248%)  route 0.613ns (70.752%))
  Logic Levels:           1  (IBUF=1)
  Clock Path Skew:        2.042ns (DCD - SCD - CPR)
    Destination Clock Delay (DCD):    2.042ns
    Source Clock Delay      (SCD):    0.000ns
    Clock Pessimism Removal (CPR):    -0.000ns

    Location             Delay type                Incr(ns)  Path(ns)    Netlist Resource(s)
  -------------------------------------------------------------------    -------------------
    M18                                               0.000     0.000 f  btn_rst (IN)
                         net (fo=0)                   0.000     0.000    btn_rst
    M18                  IBUF (Prop_ibuf_I_O)         0.254     0.254 f  btn_rst_IBUF_inst/O
                         net (fo=33, routed)          0.613     0.867    RESULT_REG/AR[0]
    SLICE_X0Y95          FDCE                                         f  RESULT_REG/q_reg[5]/CLR
  -------------------------------------------------------------------    -------------------

                         (clock sys_clk_pin rise edge)
                                                      0.000     0.000 r  
    E3                                                0.000     0.000 r  clk (IN)
                         net (fo=0)                   0.000     0.000    clk
    E3                   IBUF (Prop_ibuf_I_O)         0.438     0.438 r  clk_IBUF_inst/O
                         net (fo=1, routed)           0.699     1.136    clk_IBUF
    BUFGCTRL_X0Y16       BUFG (Prop_bufg_I_O)         0.029     1.165 r  clk_IBUF_BUFG_inst/O
                         net (fo=33, routed)          0.877     2.042    RESULT_REG/CLK
    SLICE_X0Y95          FDCE                                         r  RESULT_REG/q_reg[5]/C





